[27Feb2025 21:21:03.158] [main/INFO] [cpw.mods.modlauncher.Launcher/MODLAUNCHER]: ModLauncher running: args [--launchTarget, forgeclientuserdev, --version, 21.1.15, --assetIndex, 17, --assetsDir, /Users/strawhattom/.gradle/caches/neoformruntime/assets, --gameDir, ., --fml.neoForgeVersion, 21.1.15, --fml.fmlVersion, 4.0.24, --fml.mcVersion, 1.21.1, --fml.neoFormVersion, 20240808.144430]
[27Feb2025 21:21:03.159] [main/INFO] [cpw.mods.modlauncher.Launcher/MODLAUNCHER]: JVM identified as Eclipse Adoptium OpenJDK 64-Bit Server VM 21.0.6+7-LTS
[27Feb2025 21:21:03.159] [main/INFO] [cpw.mods.modlauncher.Launcher/MODLAUNCHER]: ModLauncher 11.0.4+main.d2e20e43 starting: java version 21.0.6 by Eclipse Adoptium; OS Mac OS X arch aarch64 version 15.3
[27Feb2025 21:21:03.166] [main/DEBUG] [cpw.mods.modlauncher.LaunchServiceHandler/MODLAUNCHER]: Found launch services [minecraft,forgeclient,forgedatauserdev,testharness,forgeserverdev,forgeserveruserdev,forgejunitdev,forgeclientdev,forgeclientuserdev,forgeserver,forgejunituserdev,forgedatadev]
[27Feb2025 21:21:03.174] [main/DEBUG] [cpw.mods.modlauncher.LaunchPluginHandler/MODLAUNCHER]: Found launch plugins: [mixin,slf4jfixer,runtime_enum_extender,accesstransformer,runtimedistcleaner]
[27Feb2025 21:21:03.177] [main/DEBUG] [cpw.mods.modlauncher.TransformationServicesHandler/MODLAUNCHER]: Discovering transformation services
[27Feb2025 21:21:03.179] [main/DEBUG] [net.neoforged.fml.loading.FMLPaths/CORE]: Path GAMEDIR is /Users/strawhattom/dev/repos/SlideShow/run
[27Feb2025 21:21:03.179] [main/DEBUG] [net.neoforged.fml.loading.FMLPaths/CORE]: Path MODSDIR is /Users/strawhattom/dev/repos/SlideShow/run/mods
[27Feb2025 21:21:03.180] [main/DEBUG] [net.neoforged.fml.loading.FMLPaths/CORE]: Path CONFIGDIR is /Users/strawhattom/dev/repos/SlideShow/run/config
[27Feb2025 21:21:03.180] [main/DEBUG] [net.neoforged.fml.loading.FMLPaths/CORE]: Path FMLCONFIG is /Users/strawhattom/dev/repos/SlideShow/run/config/fml.toml
[27Feb2025 21:21:03.197] [main/DEBUG] [net.neoforged.fml.loading.targets.CommonLaunchHandler/CORE]: Got mod coordinates slide_show%%/Users/strawhattom/dev/repos/SlideShow/build/classes/java/main:slide_show%%/Users/strawhattom/dev/repos/SlideShow/build/resources/main from env
[27Feb2025 21:21:03.198] [main/DEBUG] [net.neoforged.fml.loading.targets.CommonLaunchHandler/CORE]: Found supplied mod coordinates [{slide_show=[/Users/strawhattom/dev/repos/SlideShow/build/classes/java/main, /Users/strawhattom/dev/repos/SlideShow/build/resources/main]}]
[27Feb2025 21:21:03.199] [main/DEBUG] [cpw.mods.modlauncher.TransformationServicesHandler/MODLAUNCHER]: Found additional transformation services from discovery services: 
[27Feb2025 21:21:03.201] [main/INFO] [net.neoforged.fml.loading.ImmediateWindowHandler/]: Loading ImmediateWindowProvider fmlearlywindow
[27Feb2025 21:21:03.334] [main/INFO] [EARLYDISPLAY/]: Trying GL version 4.6
[27Feb2025 21:21:03.369] [main/INFO] [EARLYDISPLAY/]: Trying GL version 4.5
[27Feb2025 21:21:03.377] [main/INFO] [EARLYDISPLAY/]: Trying GL version 4.4
[27Feb2025 21:21:03.382] [main/INFO] [EARLYDISPLAY/]: Trying GL version 4.3
[27Feb2025 21:21:03.388] [main/INFO] [EARLYDISPLAY/]: Trying GL version 4.2
[27Feb2025 21:21:03.394] [main/INFO] [EARLYDISPLAY/]: Trying GL version 4.1
[27Feb2025 21:21:03.405] [main/INFO] [EARLYDISPLAY/]: Requested GL version 4.1 got version 4.1
[27Feb2025 21:21:03.412] [main/DEBUG] [EARLYDISPLAY/]: Suppressing GLFW icon error: [0x1000C]Cocoa: Regular windows do not have icons on macOS
[27Feb2025 21:21:03.474] [main/DEBUG] [cpw.mods.modlauncher.TransformationServicesHandler/MODLAUNCHER]: Found transformer services : [mixin,fml]
[27Feb2025 21:21:03.474] [main/DEBUG] [cpw.mods.modlauncher.TransformationServicesHandler/MODLAUNCHER]: Transformation services loading
[27Feb2025 21:21:03.474] [main/DEBUG] [cpw.mods.modlauncher.TransformationServiceDecorator/MODLAUNCHER]: Loading service mixin
[27Feb2025 21:21:03.474] [main/DEBUG] [cpw.mods.modlauncher.TransformationServiceDecorator/MODLAUNCHER]: Loaded service mixin
[27Feb2025 21:21:03.474] [main/DEBUG] [cpw.mods.modlauncher.TransformationServiceDecorator/MODLAUNCHER]: Loading service fml
[27Feb2025 21:21:03.475] [main/DEBUG] [net.neoforged.fml.loading.FMLLoader/CORE]: FML 4.0.24 loading
[27Feb2025 21:21:03.475] [main/DEBUG] [net.neoforged.fml.loading.FMLLoader/CORE]: FML found ModLauncher version : 11.0.4+main.d2e20e43
[27Feb2025 21:21:03.475] [main/DEBUG] [net.neoforged.fml.loading.FMLLoader/CORE]: FML found AccessTransformer version : 10.0.1+139da711
[27Feb2025 21:21:03.475] [main/DEBUG] [net.neoforged.fml.loading.FMLLoader/CORE]: FML found EventBus version : null
[27Feb2025 21:21:03.475] [main/DEBUG] [net.neoforged.fml.loading.FMLLoader/CORE]: Found Runtime Dist Cleaner
[27Feb2025 21:21:03.475] [main/DEBUG] [cpw.mods.modlauncher.TransformationServiceDecorator/MODLAUNCHER]: Loaded service fml
[27Feb2025 21:21:03.476] [main/DEBUG] [cpw.mods.modlauncher.TransformationServicesHandler/MODLAUNCHER]: Configuring option handling for services
[27Feb2025 21:21:03.481] [main/DEBUG] [net.neoforged.fml.loading.FMLServiceProvider/CORE]: Received command line version data  : VersionInfo[neoForgeVersion=21.1.15, fmlVersion=4.0.24, mcVersion=1.21.1, neoFormVersion=20240808.144430]
[27Feb2025 21:21:03.481] [main/DEBUG] [cpw.mods.modlauncher.TransformationServicesHandler/MODLAUNCHER]: Transformation services initializing
[27Feb2025 21:21:03.481] [main/DEBUG] [cpw.mods.modlauncher.TransformationServiceDecorator/MODLAUNCHER]: Initializing transformation service mixin
[27Feb2025 21:21:03.485] [main/DEBUG] [mixin/]: MixinService [ModLauncher] was successfully booted in cpw.mods.cl.ModuleClassLoader@23fe1d71
[27Feb2025 21:21:03.488] [main/INFO] [mixin/]: SpongePowered MIXIN Subsystem Version=0.8.6 Source=union:/Users/strawhattom/.gradle/caches/modules-2/files-2.1/net.fabricmc/sponge-mixin/0.14.0+mixin.0.8.6/c265173c84346e9e5d42a2384b2b02bd39a4a899/sponge-mixin-0.14.0+mixin.0.8.6.jar%23130!/ Service=ModLauncher Env=CLIENT
[27Feb2025 21:21:03.489] [main/DEBUG] [mixin/]: Initialising Mixin Platform Manager
[27Feb2025 21:21:03.490] [main/DEBUG] [mixin/]: Adding mixin platform agents for container ModLauncher Root Container(ModLauncher:4f56a0a2)
[27Feb2025 21:21:03.490] [main/DEBUG] [mixin/]: Instancing new MixinPlatformAgentMinecraftForge for ModLauncher Root Container(ModLauncher:4f56a0a2)
[27Feb2025 21:21:03.490] [main/DEBUG] [mixin/]: MixinPlatformAgentMinecraftForge rejected container ModLauncher Root Container(ModLauncher:4f56a0a2)
[27Feb2025 21:21:03.490] [main/DEBUG] [mixin/]: Instancing new MixinPlatformAgentDefault for ModLauncher Root Container(ModLauncher:4f56a0a2)
[27Feb2025 21:21:03.490] [main/DEBUG] [mixin/]: MixinPlatformAgentDefault accepted container ModLauncher Root Container(ModLauncher:4f56a0a2)
[27Feb2025 21:21:03.491] [main/DEBUG] [cpw.mods.modlauncher.TransformationServiceDecorator/MODLAUNCHER]: Initialized transformation service mixin
[27Feb2025 21:21:03.491] [main/DEBUG] [cpw.mods.modlauncher.TransformationServiceDecorator/MODLAUNCHER]: Initializing transformation service fml
[27Feb2025 21:21:03.491] [main/DEBUG] [net.neoforged.fml.loading.FMLServiceProvider/CORE]: Setting up basic FML game directories
[27Feb2025 21:21:03.491] [main/DEBUG] [net.neoforged.fml.loading.FMLPaths/CORE]: Path GAMEDIR is /Users/strawhattom/dev/repos/SlideShow/run
[27Feb2025 21:21:03.491] [main/DEBUG] [net.neoforged.fml.loading.FMLPaths/CORE]: Path MODSDIR is /Users/strawhattom/dev/repos/SlideShow/run/mods
[27Feb2025 21:21:03.491] [main/DEBUG] [net.neoforged.fml.loading.FMLPaths/CORE]: Path CONFIGDIR is /Users/strawhattom/dev/repos/SlideShow/run/config
[27Feb2025 21:21:03.491] [main/DEBUG] [net.neoforged.fml.loading.FMLPaths/CORE]: Path FMLCONFIG is /Users/strawhattom/dev/repos/SlideShow/run/config/fml.toml
[27Feb2025 21:21:03.491] [main/DEBUG] [net.neoforged.fml.loading.FMLServiceProvider/CORE]: Loading configuration
[27Feb2025 21:21:03.493] [main/DEBUG] [net.neoforged.fml.loading.FMLServiceProvider/CORE]: Preparing launch handler
[27Feb2025 21:21:03.493] [main/DEBUG] [net.neoforged.fml.loading.FMLLoader/CORE]: Using forgeclientuserdev as launch service
[27Feb2025 21:21:03.494] [main/DEBUG] [cpw.mods.modlauncher.TransformationServiceDecorator/MODLAUNCHER]: Initialized transformation service fml
[27Feb2025 21:21:03.494] [main/DEBUG] [cpw.mods.modlauncher.TransformationServicesHandler/MODLAUNCHER]: Transformation services begin scanning
[27Feb2025 21:21:03.494] [main/DEBUG] [cpw.mods.modlauncher.TransformationServiceDecorator/MODLAUNCHER]: Beginning scan trigger - transformation service mixin
[27Feb2025 21:21:03.494] [main/DEBUG] [cpw.mods.modlauncher.TransformationServiceDecorator/MODLAUNCHER]: End scan trigger - transformation service mixin
[27Feb2025 21:21:03.494] [main/DEBUG] [cpw.mods.modlauncher.TransformationServiceDecorator/MODLAUNCHER]: Beginning scan trigger - transformation service fml
[27Feb2025 21:21:03.494] [main/DEBUG] [net.neoforged.fml.loading.FMLServiceProvider/CORE]: Initiating mod scan
[27Feb2025 21:21:03.495] [main/DEBUG] [net.neoforged.fml.loading.targets.CommonLaunchHandler/CORE]: Got mod coordinates slide_show%%/Users/strawhattom/dev/repos/SlideShow/build/classes/java/main:slide_show%%/Users/strawhattom/dev/repos/SlideShow/build/resources/main from env
[27Feb2025 21:21:03.495] [main/DEBUG] [net.neoforged.fml.loading.targets.CommonLaunchHandler/CORE]: Found supplied mod coordinates [{slide_show=[/Users/strawhattom/dev/repos/SlideShow/build/classes/java/main, /Users/strawhattom/dev/repos/SlideShow/build/resources/main]}]
[27Feb2025 21:21:03.499] [main/DEBUG] [net.neoforged.fml.util.ServiceLoaderUtil/CORE]: Found 4 implementations of IModFileCandidateLocator:
[27Feb2025 21:21:03.500] [main/DEBUG] [net.neoforged.fml.util.ServiceLoaderUtil/CORE]: 	       0 - [built-in] net.neoforged.fml.loading.moddiscovery.locators.NeoForgeDevProvider from loader-4.0.24.jar
[27Feb2025 21:21:03.500] [main/DEBUG] [net.neoforged.fml.util.ServiceLoaderUtil/CORE]: 	       0 - net.neoforged.fml.loading.moddiscovery.locators.ModsFolderLocator from loader-4.0.24.jar
[27Feb2025 21:21:03.500] [main/DEBUG] [net.neoforged.fml.util.ServiceLoaderUtil/CORE]: 	       0 - net.neoforged.fml.loading.moddiscovery.locators.MavenDirectoryLocator from loader-4.0.24.jar
[27Feb2025 21:21:03.500] [main/DEBUG] [net.neoforged.fml.util.ServiceLoaderUtil/CORE]: 	   -1000 - [built-in] net.neoforged.fml.loading.moddiscovery.locators.UserdevLocator from loader-4.0.24.jar
[27Feb2025 21:21:03.500] [main/DEBUG] [net.neoforged.fml.util.ServiceLoaderUtil/CORE]: Found 2 implementations of IModFileReader:
[27Feb2025 21:21:03.501] [main/DEBUG] [net.neoforged.fml.util.ServiceLoaderUtil/CORE]: 	       0 - net.neoforged.fml.loading.moddiscovery.readers.JarModsDotTomlModFileReader from loader-4.0.24.jar
[27Feb2025 21:21:03.501] [main/DEBUG] [net.neoforged.fml.util.ServiceLoaderUtil/CORE]: 	   -1000 - net.neoforged.fml.loading.moddiscovery.readers.NestedLibraryModReader from loader-4.0.24.jar
[27Feb2025 21:21:03.501] [main/DEBUG] [net.neoforged.fml.util.ServiceLoaderUtil/CORE]: Found 1 implementations of IDependencyLocator:
[27Feb2025 21:21:03.501] [main/DEBUG] [net.neoforged.fml.util.ServiceLoaderUtil/CORE]: 	       0 - net.neoforged.fml.loading.moddiscovery.locators.JarInJarDependencyLocator from loader-4.0.24.jar
[27Feb2025 21:21:03.544] [main/DEBUG] [net.neoforged.fml.loading.moddiscovery.ModFileInfo/LOADING]: Found valid mod file neoforge-21.1.15-minecraft.jar with {minecraft} mods - versions {1.21.1}
[27Feb2025 21:21:03.548] [main/DEBUG] [net.neoforged.fml.loading.moddiscovery.ModFileParser/LOADING]: Considering mod file candidate /Users/strawhattom/dev/repos/SlideShow/build/moddev/artifacts/neoforge-21.1.15-minecraft.jar
[27Feb2025 21:21:03.552] [main/DEBUG] [net.neoforged.fml.loading.moddiscovery.ModFileInfo/LOADING]: Found valid mod file neoforge-21.1.15-minecraft.jar with {neoforge} mods - versions {21.1.15}
[27Feb2025 21:21:03.553] [main/DEBUG] [net.neoforged.fml.loading.moddiscovery.ModListHandler/CORE]: Found mod coordinates from lists: []
[27Feb2025 21:21:03.553] [main/DEBUG] [net.neoforged.fml.loading.moddiscovery.ModFileParser/LOADING]: Considering mod file candidate /Users/strawhattom/dev/repos/SlideShow/build/classes/java/main
[27Feb2025 21:21:03.556] [main/DEBUG] [net.neoforged.fml.loading.moddiscovery.ModFileInfo/LOADING]: Found valid mod file main with {slide_show} mods - versions {0.9.8}
[27Feb2025 21:21:03.560] [main/DEBUG] [net.neoforged.fml.loading.moddiscovery.ModFileParser/LOADING]: Considering mod file candidate /Users/strawhattom/dev/repos/SlideShow/build/moddev/artifacts/neoforge-21.1.15-minecraft.jar
[27Feb2025 21:21:03.560] [main/DEBUG] [net.neoforged.fml.loading.moddiscovery.ModFileInfo/LOADING]: Found valid mod file neoforge-21.1.15-minecraft.jar with {neoforge} mods - versions {21.1.15}
[27Feb2025 21:21:03.562] [main/DEBUG] [net.neoforged.fml.loading.moddiscovery.ModDiscoverer/]: Skipping /Users/strawhattom/.gradle/caches/modules-2/files-2.1/org.teacon/urlpattern/1.0.1/1bdbf771ea586e3ac37fbcabae2e248426a68a05/urlpattern-1.0.1.jar because it was already located earlier
[27Feb2025 21:21:03.562] [main/DEBUG] [net.neoforged.fml.loading.moddiscovery.ModDiscoverer/]: Skipping /Users/strawhattom/.gradle/caches/modules-2/files-2.1/org.teacon/content-disposition/1.0.0/d54e274ffc2aac13065a4dc535b29764883a75ab/content-disposition-1.0.0.jar because it was already located earlier
[27Feb2025 21:21:03.562] [main/DEBUG] [net.neoforged.fml.loading.moddiscovery.ModDiscoverer/]: Skipping /Users/strawhattom/.gradle/caches/modules-2/files-2.1/io.github.darkxanter/webp-imageio/0.3.2/d942f4df711ee9839981fca6c2a5ea2485a37bc9/webp-imageio-0.3.2.jar because it was already located earlier
[27Feb2025 21:21:03.562] [main/DEBUG] [net.neoforged.fml.loading.moddiscovery.ModDiscoverer/]: Skipping /Users/strawhattom/.gradle/caches/modules-2/files-2.1/org.apache.httpcomponents/httpclient-cache/4.5.13/4abee263cbc9edc12393212ca3a7c89af0755b1f/httpclient-cache-4.5.13.jar because it was already located earlier
[27Feb2025 21:21:03.562] [main/DEBUG] [net.neoforged.fml.loading.moddiscovery.ModDiscoverer/]: Skipping /Users/strawhattom/.gradle/caches/modules-2/files-2.1/org.apache.httpcomponents/httpclient/4.5.13/e5f6cae5ca7ecaac1ec2827a9e2d65ae2869cada/httpclient-4.5.13.jar because it was already located earlier
[27Feb2025 21:21:03.562] [main/DEBUG] [net.neoforged.fml.loading.moddiscovery.ModDiscoverer/]: Skipping /Users/strawhattom/.gradle/caches/modules-2/files-2.1/commons-logging/commons-logging/1.2/4bfc12adfe4842bf07b657f0369c4cb522955686/commons-logging-1.2.jar because it was already located earlier
[27Feb2025 21:21:03.562] [main/DEBUG] [net.neoforged.fml.loading.moddiscovery.ModDiscoverer/]: Skipping /Users/strawhattom/.gradle/caches/modules-2/files-2.1/net.neoforged.fancymodloader/earlydisplay/4.0.24/c1f79ceaefcb4c79dea89e969563718a2d5157f/earlydisplay-4.0.24.jar because it was already located earlier
[27Feb2025 21:21:03.562] [main/DEBUG] [net.neoforged.fml.loading.moddiscovery.ModDiscoverer/]: Skipping /Users/strawhattom/.gradle/caches/modules-2/files-2.1/net.neoforged.fancymodloader/loader/4.0.24/8211b356d57387a287aa3fb1d425fdd34db6d638/loader-4.0.24.jar because it was already located earlier
[27Feb2025 21:21:03.563] [main/DEBUG] [net.neoforged.fml.loading.moddiscovery.ModDiscoverer/]: Skipping /Users/strawhattom/.gradle/caches/modules-2/files-2.1/net.neoforged/coremods/7.0.3/9147e6f638b4272b3bd5fc8f92ad37802512c6c/coremods-7.0.3.jar because it was already located earlier
[27Feb2025 21:21:03.563] [main/DEBUG] [net.neoforged.fml.loading.moddiscovery.ModDiscoverer/]: Skipping /Users/strawhattom/.gradle/caches/modules-2/files-2.1/cpw.mods/modlauncher/11.0.4/6619d4812a3c092310d521ebc4c9503727563df7/modlauncher-11.0.4.jar because it was already located earlier
[27Feb2025 21:21:03.563] [main/DEBUG] [net.neoforged.fml.loading.moddiscovery.ModDiscoverer/]: Skipping /Users/strawhattom/.gradle/caches/modules-2/files-2.1/net.neoforged.accesstransformers/at-modlauncher/10.0.1/5aba50202aceead086bc09fbc2751c9f05cb4890/at-modlauncher-10.0.1.jar because it was already located earlier
[27Feb2025 21:21:03.563] [main/DEBUG] [net.neoforged.fml.loading.moddiscovery.ModDiscoverer/]: Skipping /Users/strawhattom/.gradle/caches/modules-2/files-2.1/net.neoforged/accesstransformers/10.0.1/fd83b5725f76eae9115e9355fa1c456a6a441400/accesstransformers-10.0.1.jar because it was already located earlier
[27Feb2025 21:21:03.563] [main/DEBUG] [net.neoforged.fml.loading.moddiscovery.ModDiscoverer/]: Skipping /Users/strawhattom/.gradle/caches/modules-2/files-2.1/org.openjdk.nashorn/nashorn-core/15.4/f67f5ffaa5f5130cf6fb9b133da00c7df3b532a5/nashorn-core-15.4.jar because it was already located earlier
[27Feb2025 21:21:03.563] [main/DEBUG] [net.neoforged.fml.loading.moddiscovery.ModDiscoverer/]: Skipping /Users/strawhattom/.gradle/caches/modules-2/files-2.1/net.neoforged/mergetool/2.0.3/1275202cbbb248f49345cf6787ce299afd9a02fb/mergetool-2.0.3-api.jar because it was already located earlier
[27Feb2025 21:21:03.563] [main/DEBUG] [net.neoforged.fml.loading.moddiscovery.ModDiscoverer/]: Skipping /Users/strawhattom/.gradle/caches/modules-2/files-2.1/net.neoforged/bus/8.0.1/9df0ed904cec279eb33ca6df420f6f82706ebb4c/bus-8.0.1.jar because it was already located earlier
[27Feb2025 21:21:03.563] [main/DEBUG] [net.neoforged.fml.loading.moddiscovery.ModDiscoverer/]: Skipping /Users/strawhattom/.gradle/caches/modules-2/files-2.1/com.electronwill.night-config/toml/3.8.0/861dbcf2757dd6701c98b3949198549ccb5f62ff/toml-3.8.0.jar because it was already located earlier
[27Feb2025 21:21:03.563] [main/DEBUG] [net.neoforged.fml.loading.moddiscovery.ModDiscoverer/]: Skipping /Users/strawhattom/.gradle/caches/modules-2/files-2.1/com.electronwill.night-config/core/3.8.0/2498dd2b3120dd49e963e2feab8fa5d0c5f80e0a/core-3.8.0.jar because it was already located earlier
[27Feb2025 21:21:03.563] [main/DEBUG] [net.neoforged.fml.loading.moddiscovery.ModDiscoverer/]: Skipping /Users/strawhattom/.gradle/caches/modules-2/files-2.1/net.neoforged/JarJarSelector/0.4.1/fb3cc7a58af22ad2880adb98af6d518128c47dae/JarJarSelector-0.4.1.jar because it was already located earlier
[27Feb2025 21:21:03.563] [main/DEBUG] [net.neoforged.fml.loading.moddiscovery.ModDiscoverer/]: Skipping /Users/strawhattom/.gradle/caches/modules-2/files-2.1/net.neoforged/JarJarMetadata/0.4.1/f8da03683dc81694556dc3e177c5e3bb77ae6fcb/JarJarMetadata-0.4.1.jar because it was already located earlier
[27Feb2025 21:21:03.563] [main/DEBUG] [net.neoforged.fml.loading.moddiscovery.ModDiscoverer/]: Skipping /Users/strawhattom/.gradle/caches/modules-2/files-2.1/org.apache.maven/maven-artifact/3.8.5/4433f50c07debefaed0553bd0068f4f48d449313/maven-artifact-3.8.5.jar because it was already located earlier
[27Feb2025 21:21:03.563] [main/DEBUG] [net.neoforged.fml.loading.moddiscovery.ModDiscoverer/]: Skipping /Users/strawhattom/.gradle/caches/modules-2/files-2.1/net.jodah/typetools/0.6.3/a01aaa6ddaea9ec07ec4f209487b7a46a526283a/typetools-0.6.3.jar because it was already located earlier
[27Feb2025 21:21:03.563] [main/DEBUG] [net.neoforged.fml.loading.moddiscovery.ModDiscoverer/]: Skipping /Users/strawhattom/.gradle/caches/modules-2/files-2.1/net.minecrell/terminalconsoleappender/1.3.0/b562e9bb61235c9520e26282cdee71f8f802d1fc/terminalconsoleappender-1.3.0.jar because it was already located earlier
[27Feb2025 21:21:03.563] [main/DEBUG] [net.neoforged.fml.loading.moddiscovery.ModDiscoverer/]: Skipping /Users/strawhattom/.gradle/caches/modules-2/files-2.1/net.fabricmc/sponge-mixin/0.14.0+mixin.0.8.6/c265173c84346e9e5d42a2384b2b02bd39a4a899/sponge-mixin-0.14.0+mixin.0.8.6.jar because it was already located earlier
[27Feb2025 21:21:03.563] [main/DEBUG] [net.neoforged.fml.loading.moddiscovery.ModDiscoverer/]: Skipping /Users/strawhattom/.gradle/caches/modules-2/files-2.1/org.apache.commons/commons-lang3/3.14.0/1ed471194b02f2c6cb734a0cd6f6f107c673afae/commons-lang3-3.14.0.jar because it was already located earlier
[27Feb2025 21:21:03.563] [main/DEBUG] [net.neoforged.fml.loading.moddiscovery.ModDiscoverer/]: Skipping /Users/strawhattom/.gradle/caches/modules-2/files-2.1/com.mojang/logging/1.2.7/24cb95ffb0e3433fd6e844c04e68009e504ca1c0/logging-1.2.7.jar because it was already located earlier
[27Feb2025 21:21:03.563] [main/DEBUG] [net.neoforged.fml.loading.moddiscovery.ModDiscoverer/]: Skipping /Users/strawhattom/.gradle/caches/modules-2/files-2.1/org.apache.logging.log4j/log4j-slf4j2-impl/2.22.1/d7e6693c2606cb7e7335047d7bb96dec52db5665/log4j-slf4j2-impl-2.22.1.jar because it was already located earlier
[27Feb2025 21:21:03.564] [main/DEBUG] [net.neoforged.fml.loading.moddiscovery.ModDiscoverer/]: Skipping /Users/strawhattom/.gradle/caches/modules-2/files-2.1/org.apache.logging.log4j/log4j-core/2.22.1/7183a25510a02ad00cc6a95d3b3d2a7d3c5a8dc4/log4j-core-2.22.1.jar because it was already located earlier
[27Feb2025 21:21:03.564] [main/DEBUG] [net.neoforged.fml.loading.moddiscovery.ModDiscoverer/]: Skipping /Users/strawhattom/.gradle/caches/modules-2/files-2.1/org.apache.logging.log4j/log4j-api/2.22.1/bea6fede6328fabafd7e68363161a7ea6605abd1/log4j-api-2.22.1.jar because it was already located earlier
[27Feb2025 21:21:03.564] [main/DEBUG] [net.neoforged.fml.loading.moddiscovery.ModDiscoverer/]: Skipping /Users/strawhattom/.gradle/caches/modules-2/files-2.1/org.apache.httpcomponents/httpcore/4.4.16/51cf043c87253c9f58b539c9f7e44c8894223850/httpcore-4.4.16.jar because it was already located earlier
[27Feb2025 21:21:03.564] [main/DEBUG] [net.neoforged.fml.loading.moddiscovery.ModDiscoverer/]: Skipping /Users/strawhattom/.gradle/caches/modules-2/files-2.1/commons-codec/commons-codec/1.16.0/4e3eb3d79888d76b54e28b350915b5dc3919c9de/commons-codec-1.16.0.jar because it was already located earlier
[27Feb2025 21:21:03.564] [main/DEBUG] [net.neoforged.fml.loading.moddiscovery.ModDiscoverer/]: Skipping /Users/strawhattom/.gradle/caches/modules-2/files-2.1/net.sf.jopt-simple/jopt-simple/5.0.4/4fdac2fbe92dfad86aa6e9301736f6b4342a3f5c/jopt-simple-5.0.4.jar because it was already located earlier
[27Feb2025 21:21:03.564] [main/DEBUG] [net.neoforged.fml.loading.moddiscovery.ModDiscoverer/]: Skipping /Users/strawhattom/.gradle/caches/modules-2/files-2.1/commons-io/commons-io/2.15.1/f11560da189ab563a5c8e351941415430e9304ea/commons-io-2.15.1.jar because it was already located earlier
[27Feb2025 21:21:03.564] [main/DEBUG] [net.neoforged.fml.loading.moddiscovery.ModDiscoverer/]: Skipping /Users/strawhattom/.gradle/caches/modules-2/files-2.1/com.google.guava/guava/32.1.2-jre/5e64ec7e056456bef3a4bc4c6fdaef71e8ab6318/guava-32.1.2-jre.jar because it was already located earlier
[27Feb2025 21:21:03.564] [main/DEBUG] [net.neoforged.fml.loading.moddiscovery.ModDiscoverer/]: Skipping /Users/strawhattom/.gradle/caches/modules-2/files-2.1/com.google.code.gson/gson/2.10.1/b3add478d4382b78ea20b1671390a858002feb6c/gson-2.10.1.jar because it was already located earlier
[27Feb2025 21:21:03.564] [main/DEBUG] [net.neoforged.fml.loading.moddiscovery.ModDiscoverer/]: Skipping /Users/strawhattom/.gradle/caches/modules-2/files-2.1/org.slf4j/slf4j-api/2.0.9/7cf2726fdcfbc8610f9a71fb3ed639871f315340/slf4j-api-2.0.9.jar because it was already located earlier
[27Feb2025 21:21:03.564] [main/DEBUG] [net.neoforged.fml.loading.moddiscovery.ModDiscoverer/]: Skipping /Users/strawhattom/.gradle/caches/modules-2/files-2.1/org.antlr/antlr4-runtime/4.13.1/17125bae1d965624e265ef49552f6465a2bfa307/antlr4-runtime-4.13.1.jar because it was already located earlier
[27Feb2025 21:21:03.564] [main/DEBUG] [net.neoforged.fml.loading.moddiscovery.ModDiscoverer/]: Skipping /Users/strawhattom/.gradle/caches/modules-2/files-2.1/net.minecraftforge/srgutils/0.4.15/ca408b131759478f164e010fae0d73997e125fb5/srgutils-0.4.15.jar because it was already located earlier
[27Feb2025 21:21:03.564] [main/DEBUG] [net.neoforged.fml.loading.moddiscovery.ModDiscoverer/]: Skipping /Users/strawhattom/.gradle/caches/modules-2/files-2.1/org.codehaus.plexus/plexus-utils/3.3.0/cf43b5391de623b36fe066a21127baef82c64022/plexus-utils-3.3.0.jar because it was already located earlier
[27Feb2025 21:21:03.564] [main/DEBUG] [net.neoforged.fml.loading.moddiscovery.ModDiscoverer/]: Skipping /Users/strawhattom/.gradle/caches/modules-2/files-2.1/org.jline/jline-reader/3.20.0/8f15415b022a25b473e8e16c28ae913186ffb9c4/jline-reader-3.20.0.jar because it was already located earlier
[27Feb2025 21:21:03.564] [main/DEBUG] [net.neoforged.fml.loading.moddiscovery.ModDiscoverer/]: Skipping /Users/strawhattom/.gradle/caches/modules-2/files-2.1/com.machinezoo.noexception/noexception/1.7.1/b65330c98e38a1f915fa54a6e5eca496505e3f0a/noexception-1.7.1.jar because it was already located earlier
[27Feb2025 21:21:03.564] [main/DEBUG] [net.neoforged.fml.loading.moddiscovery.ModDiscoverer/]: Skipping /Users/strawhattom/.gradle/caches/modules-2/files-2.1/com.github.oshi/oshi-core/6.4.10/b1d8ab82d11d92fd639b56d639f8f46f739dd5fa/oshi-core-6.4.10.jar because it was already located earlier
[27Feb2025 21:21:03.564] [main/DEBUG] [net.neoforged.fml.loading.moddiscovery.ModDiscoverer/]: Skipping /Users/strawhattom/.gradle/caches/modules-2/files-2.1/com.google.guava/failureaccess/1.0.1/1dcf1de382a0bf95a3d8b0849546c88bac1292c9/failureaccess-1.0.1.jar because it was already located earlier
[27Feb2025 21:21:03.564] [main/DEBUG] [net.neoforged.fml.loading.moddiscovery.ModDiscoverer/]: Skipping /Users/strawhattom/.gradle/caches/modules-2/files-2.1/com.ibm.icu/icu4j/73.2/61ad4ef7f9131fcf6d25c34b817f90d6da06c9e9/icu4j-73.2.jar because it was already located earlier
[27Feb2025 21:21:03.565] [main/DEBUG] [net.neoforged.fml.loading.moddiscovery.ModDiscoverer/]: Skipping /Users/strawhattom/.gradle/caches/modules-2/files-2.1/com.mojang/authlib/6.0.54/de8bc95660e1b2fe8793fd427a7a10dcec5b3ea7/authlib-6.0.54.jar because it was already located earlier
[27Feb2025 21:21:03.565] [main/DEBUG] [net.neoforged.fml.loading.moddiscovery.ModDiscoverer/]: Skipping /Users/strawhattom/.gradle/caches/modules-2/files-2.1/com.mojang/blocklist/1.0.10/5c685c5ffa94c4cd39496c7184c1d122e515ecef/blocklist-1.0.10.jar because it was already located earlier
[27Feb2025 21:21:03.565] [main/DEBUG] [net.neoforged.fml.loading.moddiscovery.ModDiscoverer/]: Skipping /Users/strawhattom/.gradle/caches/modules-2/files-2.1/com.mojang/brigadier/1.3.10/d15b53a14cf20fdcaa98f731af5dda654452c010/brigadier-1.3.10.jar because it was already located earlier
[27Feb2025 21:21:03.565] [main/DEBUG] [net.neoforged.fml.loading.moddiscovery.ModDiscoverer/]: Skipping /Users/strawhattom/.gradle/caches/modules-2/files-2.1/com.mojang/datafixerupper/8.0.16/67d4de6d7f95d89bcf5862995fb854ebaec02a34/datafixerupper-8.0.16.jar because it was already located earlier
[27Feb2025 21:21:03.565] [main/DEBUG] [net.neoforged.fml.loading.moddiscovery.ModDiscoverer/]: Skipping /Users/strawhattom/.gradle/caches/modules-2/files-2.1/com.mojang/patchy/2.2.10/da05971b07cbb379d002cf7eaec6a2048211fefc/patchy-2.2.10.jar because it was already located earlier
[27Feb2025 21:21:03.565] [main/DEBUG] [net.neoforged.fml.loading.moddiscovery.ModDiscoverer/]: Skipping /Users/strawhattom/.gradle/caches/modules-2/files-2.1/com.mojang/text2speech/1.17.9/3cad216e3a7f0c19b4b394388bc9ffc446f13b14/text2speech-1.17.9.jar because it was already located earlier
[27Feb2025 21:21:03.565] [main/DEBUG] [net.neoforged.fml.loading.moddiscovery.ModDiscoverer/]: Skipping /Users/strawhattom/.gradle/caches/modules-2/files-2.1/io.netty/netty-buffer/4.1.97.Final/f8f3d8644afa5e6e1a40a3a6aeb9d9aa970ecb4f/netty-buffer-4.1.97.Final.jar because it was already located earlier
[27Feb2025 21:21:03.565] [main/DEBUG] [net.neoforged.fml.loading.moddiscovery.ModDiscoverer/]: Skipping /Users/strawhattom/.gradle/caches/modules-2/files-2.1/io.netty/netty-codec/4.1.97.Final/384ba4d75670befbedb45c4d3b497a93639c206d/netty-codec-4.1.97.Final.jar because it was already located earlier
[27Feb2025 21:21:03.565] [main/DEBUG] [net.neoforged.fml.loading.moddiscovery.ModDiscoverer/]: Skipping /Users/strawhattom/.gradle/caches/modules-2/files-2.1/io.netty/netty-common/4.1.97.Final/7cceacaf11df8dc63f23d0fb58e9d4640fc88404/netty-common-4.1.97.Final.jar because it was already located earlier
[27Feb2025 21:21:03.565] [main/DEBUG] [net.neoforged.fml.loading.moddiscovery.ModDiscoverer/]: Skipping /Users/strawhattom/.gradle/caches/modules-2/files-2.1/io.netty/netty-handler/4.1.97.Final/abb86c6906bf512bf2b797a41cd7d2e8d3cd7c36/netty-handler-4.1.97.Final.jar because it was already located earlier
[27Feb2025 21:21:03.565] [main/DEBUG] [net.neoforged.fml.loading.moddiscovery.ModDiscoverer/]: Skipping /Users/strawhattom/.gradle/caches/modules-2/files-2.1/io.netty/netty-resolver/4.1.97.Final/cec8348108dc76c47cf87c669d514be52c922144/netty-resolver-4.1.97.Final.jar because it was already located earlier
[27Feb2025 21:21:03.565] [main/DEBUG] [net.neoforged.fml.loading.moddiscovery.ModDiscoverer/]: Skipping /Users/strawhattom/.gradle/caches/modules-2/files-2.1/io.netty/netty-transport-classes-epoll/4.1.97.Final/795da37ded759e862457a82d9d92c4d39ce8ecee/netty-transport-classes-epoll-4.1.97.Final.jar because it was already located earlier
[27Feb2025 21:21:03.565] [main/DEBUG] [net.neoforged.fml.loading.moddiscovery.ModDiscoverer/]: Skipping /Users/strawhattom/.gradle/caches/modules-2/files-2.1/io.netty/netty-transport-native-unix-common/4.1.97.Final/d469d84265ab70095b01b40886cabdd433b6e664/netty-transport-native-unix-common-4.1.97.Final.jar because it was already located earlier
[27Feb2025 21:21:03.565] [main/DEBUG] [net.neoforged.fml.loading.moddiscovery.ModDiscoverer/]: Skipping /Users/strawhattom/.gradle/caches/modules-2/files-2.1/io.netty/netty-transport/4.1.97.Final/f37380d23c9bb079bc702910833b2fd532c9abd0/netty-transport-4.1.97.Final.jar because it was already located earlier
[27Feb2025 21:21:03.565] [main/DEBUG] [net.neoforged.fml.loading.moddiscovery.ModDiscoverer/]: Skipping /Users/strawhattom/.gradle/caches/modules-2/files-2.1/it.unimi.dsi/fastutil/8.5.12/c24946d46824bd528054bface3231d2ecb7e95e8/fastutil-8.5.12.jar because it was already located earlier
[27Feb2025 21:21:03.565] [main/DEBUG] [net.neoforged.fml.loading.moddiscovery.ModDiscoverer/]: Skipping /Users/strawhattom/.gradle/caches/modules-2/files-2.1/net.java.dev.jna/jna-platform/5.14.0/28934d48aed814f11e4c584da55c49fa7032b31b/jna-platform-5.14.0.jar because it was already located earlier
[27Feb2025 21:21:03.565] [main/DEBUG] [net.neoforged.fml.loading.moddiscovery.ModDiscoverer/]: Skipping /Users/strawhattom/.gradle/caches/modules-2/files-2.1/net.java.dev.jna/jna/5.14.0/67bf3eaea4f0718cb376a181a629e5f88fa1c9dd/jna-5.14.0.jar because it was already located earlier
[27Feb2025 21:21:03.565] [main/DEBUG] [net.neoforged.fml.loading.moddiscovery.ModDiscoverer/]: Skipping /Users/strawhattom/.gradle/caches/modules-2/files-2.1/org.apache.commons/commons-compress/1.26.0/659feffdd12280201c8aacb8f7be94f9a883c824/commons-compress-1.26.0.jar because it was already located earlier
[27Feb2025 21:21:03.565] [main/DEBUG] [net.neoforged.fml.loading.moddiscovery.ModDiscoverer/]: Skipping /Users/strawhattom/.gradle/caches/modules-2/files-2.1/org.jcraft/jorbis/0.0.17/8872d22b293e8f5d7d56ff92be966e6dc28ebdc6/jorbis-0.0.17.jar because it was already located earlier
[27Feb2025 21:21:03.566] [main/DEBUG] [net.neoforged.fml.loading.moddiscovery.ModDiscoverer/]: Skipping /Users/strawhattom/.gradle/caches/modules-2/files-2.1/org.joml/joml/1.10.5/22566d58af70ad3d72308bab63b8339906deb649/joml-1.10.5.jar because it was already located earlier
[27Feb2025 21:21:03.566] [main/DEBUG] [net.neoforged.fml.loading.moddiscovery.ModDiscoverer/]: Skipping /Users/strawhattom/.gradle/caches/modules-2/files-2.1/org.lwjgl/lwjgl-freetype/3.3.3/a0db6c84a8becc8ca05f9dbfa985edc348a824c7/lwjgl-freetype-3.3.3.jar because it was already located earlier
[27Feb2025 21:21:03.566] [main/DEBUG] [net.neoforged.fml.loading.moddiscovery.ModDiscoverer/]: Skipping /Users/strawhattom/.gradle/caches/modules-2/files-2.1/org.lwjgl/lwjgl-freetype/3.3.3/b0a8c9baa9d1f54ac61e1ab9640c7659e7fa700c/lwjgl-freetype-3.3.3-natives-macos-arm64.jar because it was already located earlier
[27Feb2025 21:21:03.566] [main/DEBUG] [net.neoforged.fml.loading.moddiscovery.ModDiscoverer/]: Skipping /Users/strawhattom/.gradle/caches/modules-2/files-2.1/org.lwjgl/lwjgl-freetype/3.3.3/806d869f37ce0df388a24e17aaaf5ca0894d851b/lwjgl-freetype-3.3.3-natives-macos-patch.jar because it was already located earlier
[27Feb2025 21:21:03.566] [main/DEBUG] [net.neoforged.fml.loading.moddiscovery.ModDiscoverer/]: Skipping /Users/strawhattom/.gradle/caches/modules-2/files-2.1/org.lwjgl/lwjgl-glfw/3.3.3/efa1eb78c5ccd840e9f329717109b5e892d72f8e/lwjgl-glfw-3.3.3.jar because it was already located earlier
[27Feb2025 21:21:03.566] [main/DEBUG] [net.neoforged.fml.loading.moddiscovery.ModDiscoverer/]: Skipping /Users/strawhattom/.gradle/caches/modules-2/files-2.1/org.lwjgl/lwjgl-glfw/3.3.3/a1bf400f6bc64e6195596cb1430dafda46090751/lwjgl-glfw-3.3.3-natives-macos.jar because it was already located earlier
[27Feb2025 21:21:03.566] [main/DEBUG] [net.neoforged.fml.loading.moddiscovery.ModDiscoverer/]: Skipping /Users/strawhattom/.gradle/caches/modules-2/files-2.1/org.lwjgl/lwjgl-jemalloc/3.3.3/b543467b7ff3c6920539a88ee602d34098628be5/lwjgl-jemalloc-3.3.3.jar because it was already located earlier
[27Feb2025 21:21:03.566] [main/DEBUG] [net.neoforged.fml.loading.moddiscovery.ModDiscoverer/]: Skipping /Users/strawhattom/.gradle/caches/modules-2/files-2.1/org.lwjgl/lwjgl-jemalloc/3.3.3/2906637657a57579847238c9c72d2c4bde7083f8/lwjgl-jemalloc-3.3.3-natives-macos.jar because it was already located earlier
[27Feb2025 21:21:03.567] [main/DEBUG] [net.neoforged.fml.loading.moddiscovery.ModDiscoverer/]: Skipping /Users/strawhattom/.gradle/caches/modules-2/files-2.1/org.lwjgl/lwjgl-openal/3.3.3/daada81ceb5fc0c291fbfdd4433cb8d9423577f2/lwjgl-openal-3.3.3.jar because it was already located earlier
[27Feb2025 21:21:03.567] [main/DEBUG] [net.neoforged.fml.loading.moddiscovery.ModDiscoverer/]: Skipping /Users/strawhattom/.gradle/caches/modules-2/files-2.1/org.lwjgl/lwjgl-openal/3.3.3/8df8338bfa77f2ebabef4e58964bd04d24805cbf/lwjgl-openal-3.3.3-natives-macos.jar because it was already located earlier
[27Feb2025 21:21:03.567] [main/DEBUG] [net.neoforged.fml.loading.moddiscovery.ModDiscoverer/]: Skipping /Users/strawhattom/.gradle/caches/modules-2/files-2.1/org.lwjgl/lwjgl-opengl/3.3.3/2f6b0147078396a58979125a4c947664e98293a/lwjgl-opengl-3.3.3.jar because it was already located earlier
[27Feb2025 21:21:03.567] [main/DEBUG] [net.neoforged.fml.loading.moddiscovery.ModDiscoverer/]: Skipping /Users/strawhattom/.gradle/caches/modules-2/files-2.1/org.lwjgl/lwjgl-opengl/3.3.3/1bd45997551ae8a28469f3a2b678f4b7289e12c0/lwjgl-opengl-3.3.3-natives-macos.jar because it was already located earlier
[27Feb2025 21:21:03.567] [main/DEBUG] [net.neoforged.fml.loading.moddiscovery.ModDiscoverer/]: Skipping /Users/strawhattom/.gradle/caches/modules-2/files-2.1/org.lwjgl/lwjgl-stb/3.3.3/25dd6161988d7e65f71d5065c99902402ee32746/lwjgl-stb-3.3.3.jar because it was already located earlier
[27Feb2025 21:21:03.567] [main/DEBUG] [net.neoforged.fml.loading.moddiscovery.ModDiscoverer/]: Skipping /Users/strawhattom/.gradle/caches/modules-2/files-2.1/org.lwjgl/lwjgl-stb/3.3.3/472792c98fb2c1557c060cb9da5fca6a9773621f/lwjgl-stb-3.3.3-natives-macos.jar because it was already located earlier
[27Feb2025 21:21:03.567] [main/DEBUG] [net.neoforged.fml.loading.moddiscovery.ModDiscoverer/]: Skipping /Users/strawhattom/.gradle/caches/modules-2/files-2.1/org.lwjgl/lwjgl-tinyfd/3.3.3/82d755ca94b102e9ca77283b9e2dc46d1b15fbe5/lwjgl-tinyfd-3.3.3.jar because it was already located earlier
[27Feb2025 21:21:03.568] [main/DEBUG] [net.neoforged.fml.loading.moddiscovery.ModDiscoverer/]: Skipping /Users/strawhattom/.gradle/caches/modules-2/files-2.1/org.lwjgl/lwjgl-tinyfd/3.3.3/406feedb977372085a61eb0fee358183f4f4c67a/lwjgl-tinyfd-3.3.3-natives-macos-arm64.jar because it was already located earlier
[27Feb2025 21:21:03.568] [main/DEBUG] [net.neoforged.fml.loading.moddiscovery.ModDiscoverer/]: Skipping /Users/strawhattom/.gradle/caches/modules-2/files-2.1/org.lwjgl/lwjgl/3.3.3/29589b5f87ed335a6c7e7ee6a5775f81f97ecb84/lwjgl-3.3.3.jar because it was already located earlier
[27Feb2025 21:21:03.568] [main/DEBUG] [net.neoforged.fml.loading.moddiscovery.ModDiscoverer/]: Skipping /Users/strawhattom/.gradle/caches/modules-2/files-2.1/org.lwjgl/lwjgl/3.3.3/226246e75f6bd8d4e1895bdce8638ef87808d114/lwjgl-3.3.3-natives-macos-arm64.jar because it was already located earlier
[27Feb2025 21:21:03.568] [main/DEBUG] [net.neoforged.fml.loading.moddiscovery.ModDiscoverer/]: Skipping /Users/strawhattom/.gradle/caches/modules-2/files-2.1/org.lz4/lz4-java/1.8.0/4b986a99445e49ea5fbf5d149c4b63f6ed6c6780/lz4-java-1.8.0.jar because it was already located earlier
[27Feb2025 21:21:03.568] [main/DEBUG] [net.neoforged.fml.loading.moddiscovery.ModDiscoverer/]: Skipping /Users/strawhattom/.gradle/caches/modules-2/files-2.1/org.jline/jline-terminal/3.20.0/d0ddcc708ddf527a3454c941b7b9225cc83a15ff/jline-terminal-3.20.0.jar because it was already located earlier
[27Feb2025 21:21:03.568] [main/DEBUG] [net.neoforged.fml.loading.moddiscovery.ModDiscoverer/]: Skipping /Users/strawhattom/.gradle/caches/modules-2/files-2.1/ca.weblite/java-objc-bridge/1.1/1227f9e0666314f9de41477e3ec277e542ed7f7b/java-objc-bridge-1.1.jar because it was already located earlier
[27Feb2025 21:21:03.568] [main/DEBUG] [net.neoforged.fml.loading.moddiscovery.ModDiscoverer/]: Skipping /Users/strawhattom/.gradle/caches/modules-2/files-2.1/com.google.guava/listenablefuture/9999.0-empty-to-avoid-conflict-with-guava/b421526c5f297295adef1c886e5246c39d4ac629/listenablefuture-9999.0-empty-to-avoid-conflict-with-guava.jar because it was already located earlier
[27Feb2025 21:21:03.568] [main/DEBUG] [net.neoforged.fml.loading.moddiscovery.ModDiscoverer/]: Skipping /Users/strawhattom/.gradle/caches/modules-2/files-2.1/com.google.code.findbugs/jsr305/3.0.2/25ea2e8b0c338a877313bd4672d3fe056ea78f0d/jsr305-3.0.2.jar because it was already located earlier
[27Feb2025 21:21:03.568] [main/DEBUG] [net.neoforged.fml.loading.moddiscovery.ModDiscoverer/]: Skipping /Users/strawhattom/.gradle/caches/modules-2/files-2.1/org.checkerframework/checker-qual/3.33.0/de2b60b62da487644fc11f734e73c8b0b431238f/checker-qual-3.33.0.jar because it was already located earlier
[27Feb2025 21:21:03.568] [main/DEBUG] [net.neoforged.fml.loading.moddiscovery.ModDiscoverer/]: Skipping /Users/strawhattom/.gradle/caches/modules-2/files-2.1/com.google.errorprone/error_prone_annotations/2.18.0/89b684257096f548fa39a7df9fdaa409d4d4df91/error_prone_annotations-2.18.0.jar because it was already located earlier
[27Feb2025 21:21:03.568] [main/DEBUG] [net.neoforged.fml.loading.moddiscovery.ModDiscoverer/]: Skipping /Users/strawhattom/.gradle/caches/modules-2/files-2.1/com.google.j2objc/j2objc-annotations/2.8/c85270e307e7b822f1086b93689124b89768e273/j2objc-annotations-2.8.jar because it was already located earlier
[27Feb2025 21:21:03.569] [main/DEBUG] [net.neoforged.fml.loading.UniqueModListBuilder/]: Found 2 mods for first modid neoforge, selecting most recent based on version data
[27Feb2025 21:21:03.569] [main/DEBUG] [net.neoforged.fml.loading.UniqueModListBuilder/]: Selected file neoforge-21.1.15-minecraft.jar for modid neoforge with version 21.1.15
[27Feb2025 21:21:03.597] [main/INFO] [net.neoforged.fml.loading.moddiscovery.locators.JarInJarDependencyLocator/]: Found 1 dependencies adding them to mods collection
[27Feb2025 21:21:03.598] [main/DEBUG] [net.neoforged.fml.loading.moddiscovery.ModFileInfo/LOADING]: Found valid mod file neoforge-21.1.15-minecraft.jar with {minecraft} mods - versions {1.21.1}
[27Feb2025 21:21:03.599] [main/DEBUG] [net.neoforged.fml.loading.moddiscovery.ModFile/LOADING]: Loading mod file /Users/strawhattom/dev/repos/SlideShow/build/moddev/artifacts/neoforge-21.1.15-minecraft.jar with languages [LanguageSpec[languageName=minecraft, acceptedVersions=1]]
[27Feb2025 21:21:03.599] [main/DEBUG] [net.neoforged.fml.loading.moddiscovery.ModFileParser/LOADING]: Considering mod file candidate /Users/strawhattom/dev/repos/SlideShow/build/classes/java/main
[27Feb2025 21:21:03.600] [main/DEBUG] [net.neoforged.fml.loading.moddiscovery.ModFileInfo/LOADING]: Found valid mod file main with {slide_show} mods - versions {0.9.8}
[27Feb2025 21:21:03.600] [main/DEBUG] [net.neoforged.fml.loading.moddiscovery.ModFile/LOADING]: Loading mod file /Users/strawhattom/dev/repos/SlideShow/build/classes/java/main with languages [LanguageSpec[languageName=javafml, acceptedVersions=[4,)]]
[27Feb2025 21:21:03.601] [main/DEBUG] [net.neoforged.fml.loading.moddiscovery.ModFileParser/LOADING]: Considering mod file candidate /Users/strawhattom/dev/repos/SlideShow/build/moddev/artifacts/neoforge-21.1.15-minecraft.jar
[27Feb2025 21:21:03.601] [main/DEBUG] [net.neoforged.fml.loading.moddiscovery.ModFileInfo/LOADING]: Found valid mod file neoforge-21.1.15-minecraft.jar with {neoforge} mods - versions {21.1.15}
[27Feb2025 21:21:03.601] [main/DEBUG] [net.neoforged.fml.loading.moddiscovery.ModFile/LOADING]: Loading mod file /Users/strawhattom/dev/repos/SlideShow/build/moddev/artifacts/neoforge-21.1.15-minecraft.jar with languages [LanguageSpec[languageName=javafml, acceptedVersions=[3,]]]
[27Feb2025 21:21:03.602] [main/DEBUG] [net.neoforged.fml.loading.moddiscovery.ModFileParser/LOADING]: Found coremod field_to_method with Javascript path coremods/field_to_method.js
[27Feb2025 21:21:03.602] [main/DEBUG] [net.neoforged.fml.loading.moddiscovery.ModFileParser/LOADING]: Found coremod field_to_instanceof with Javascript path coremods/field_to_instanceof.js
[27Feb2025 21:21:03.602] [main/DEBUG] [net.neoforged.fml.loading.moddiscovery.ModFileParser/LOADING]: Found coremod add_bouncer_method with Javascript path coremods/add_bouncer_method.js
[27Feb2025 21:21:03.602] [main/DEBUG] [net.neoforged.fml.loading.moddiscovery.ModFileParser/LOADING]: Found coremod method_redirector with Javascript path coremods/method_redirector.js
[27Feb2025 21:21:03.602] [main/DEBUG] [net.neoforged.fml.loading.moddiscovery.ModFile/LOADING]: Found mixin config neoforge.mixins.json
[27Feb2025 21:21:03.602] [main/DEBUG] [net.neoforged.fml.loading.moddiscovery.ModFile/LOADING]: Loading mod file  with languages []
[27Feb2025 21:21:03.602] [main/DEBUG] [cpw.mods.modlauncher.TransformationServiceDecorator/MODLAUNCHER]: End scan trigger - transformation service fml
[27Feb2025 21:21:03.605] [main/DEBUG] [net.neoforged.fml.util.ServiceLoaderUtil/CORE]: Found 3 implementations of IModLanguageLoader:
[27Feb2025 21:21:03.605] [main/DEBUG] [net.neoforged.fml.util.ServiceLoaderUtil/CORE]: 	net.neoforged.fml.javafmlmod.FMLJavaModLanguageProvider from loader-4.0.24.jar
[27Feb2025 21:21:03.605] [main/DEBUG] [net.neoforged.fml.util.ServiceLoaderUtil/CORE]: 	net.neoforged.fml.lowcodemod.LowCodeModLanguageProvider from loader-4.0.24.jar
[27Feb2025 21:21:03.605] [main/DEBUG] [net.neoforged.fml.util.ServiceLoaderUtil/CORE]: 	net.neoforged.fml.mclanguageprovider.MinecraftModLanguageProvider from loader-4.0.24.jar
[27Feb2025 21:21:03.606] [main/DEBUG] [net.neoforged.fml.loading.LanguageProviderLoader/CORE]: Found language provider javafml, version 4.0.24
[27Feb2025 21:21:03.606] [main/DEBUG] [net.neoforged.fml.loading.LanguageProviderLoader/CORE]: Found language provider lowcodefml, version 4.0.24
[27Feb2025 21:21:03.606] [main/DEBUG] [net.neoforged.fml.loading.LanguageProviderLoader/CORE]: Found language provider minecraft, version 4.0.24
[27Feb2025 21:21:03.607] [main/DEBUG] [net.neoforged.fml.loading.ModSorter/]: Configured system mods: [minecraft, neoforge]
[27Feb2025 21:21:03.607] [main/DEBUG] [net.neoforged.fml.loading.ModSorter/]: Found system mod: minecraft
[27Feb2025 21:21:03.607] [main/DEBUG] [net.neoforged.fml.loading.ModSorter/]: Found system mod: neoforge
[27Feb2025 21:21:03.608] [main/DEBUG] [net.neoforged.fml.loading.ModSorter/LOADING]: Found 2 mod requirements (2 mandatory, 0 optional)
[27Feb2025 21:21:03.608] [main/DEBUG] [net.neoforged.fml.loading.ModSorter/LOADING]: Found 0 mod requirements missing (0 mandatory, 0 optional)
[27Feb2025 21:21:03.621] [pool-2-thread-1/INFO] [EARLYDISPLAY/]: GL info: Apple M3 GL version 4.1 Metal - 89.3, Apple
[27Feb2025 21:21:03.667] [main/DEBUG] [mixin/]: Adding mixin platform agents for container net.neoforged.fml.loading.mixin.FMLMixinContainerHandle@4e92466a
[27Feb2025 21:21:03.667] [main/DEBUG] [mixin/]: Instancing new MixinPlatformAgentMinecraftForge for net.neoforged.fml.loading.mixin.FMLMixinContainerHandle@4e92466a
[27Feb2025 21:21:03.667] [main/DEBUG] [mixin/]: MixinPlatformAgentMinecraftForge rejected container net.neoforged.fml.loading.mixin.FMLMixinContainerHandle@4e92466a
[27Feb2025 21:21:03.667] [main/DEBUG] [mixin/]: Instancing new MixinPlatformAgentDefault for net.neoforged.fml.loading.mixin.FMLMixinContainerHandle@4e92466a
[27Feb2025 21:21:03.667] [main/DEBUG] [mixin/]: MixinPlatformAgentDefault accepted container net.neoforged.fml.loading.mixin.FMLMixinContainerHandle@4e92466a
[27Feb2025 21:21:03.667] [main/DEBUG] [mixin/]: Instancing new FMLMixinPlatformAgent for net.neoforged.fml.loading.mixin.FMLMixinContainerHandle@4e92466a
[27Feb2025 21:21:03.667] [main/DEBUG] [mixin/]: FMLMixinPlatformAgent accepted container net.neoforged.fml.loading.mixin.FMLMixinContainerHandle@4e92466a
[27Feb2025 21:21:03.670] [main/DEBUG] [cpw.mods.modlauncher.TransformationServicesHandler/MODLAUNCHER]: Transformation services loading transformers
[27Feb2025 21:21:03.670] [main/DEBUG] [cpw.mods.modlauncher.TransformationServiceDecorator/MODLAUNCHER]: Initializing transformers for transformation service mixin
[27Feb2025 21:21:03.670] [main/DEBUG] [cpw.mods.modlauncher.TransformationServiceDecorator/MODLAUNCHER]: Initialized transformers for transformation service mixin
[27Feb2025 21:21:03.670] [main/DEBUG] [cpw.mods.modlauncher.TransformationServiceDecorator/MODLAUNCHER]: Initializing transformers for transformation service fml
[27Feb2025 21:21:03.670] [main/DEBUG] [net.neoforged.fml.loading.FMLServiceProvider/LOADING]: Loading coremod transformers
[27Feb2025 21:21:03.670] [main/INFO] [net.neoforged.fml.loading.FMLServiceProvider/CORE]: Loading coremod script-engine for [neoforge]
[27Feb2025 21:21:03.671] [main/DEBUG] [net.neoforged.fml.loading.CoreModScriptLoader/CORE]: Loading coremod scripts
[27Feb2025 21:21:03.758] [main/DEBUG] [net.neoforged.coremod.CoreModScriptingEngine/COREMOD]: Loading CoreMod from coremods/field_to_method.js
[27Feb2025 21:21:03.810] [main/DEBUG] [net.neoforged.coremod.CoreModScriptingEngine/COREMOD]: CoreMod loaded successfully
[27Feb2025 21:21:03.810] [main/DEBUG] [net.neoforged.coremod.CoreModScriptingEngine/COREMOD]: Loading CoreMod from coremods/field_to_instanceof.js
[27Feb2025 21:21:03.829] [main/DEBUG] [net.neoforged.coremod.CoreModScriptingEngine/COREMOD]: CoreMod loaded successfully
[27Feb2025 21:21:03.829] [main/DEBUG] [net.neoforged.coremod.CoreModScriptingEngine/COREMOD]: Loading CoreMod from coremods/add_bouncer_method.js
[27Feb2025 21:21:03.840] [main/DEBUG] [net.neoforged.coremod.CoreModScriptingEngine/COREMOD]: CoreMod loaded successfully
[27Feb2025 21:21:03.841] [main/DEBUG] [net.neoforged.coremod.CoreModScriptingEngine/COREMOD]: Loading CoreMod from coremods/method_redirector.js
[27Feb2025 21:21:03.859] [main/DEBUG] [net.neoforged.coremod.CoreModScriptingEngine/COREMOD]: CoreMod loaded successfully
[27Feb2025 21:21:03.861] [main/DEBUG] [net.neoforged.fml.util.ServiceLoaderUtil/CORE]: Found 0 implementations of ICoreMod:
[27Feb2025 21:21:03.862] [main/DEBUG] [cpw.mods.modlauncher.TransformStore/MODLAUNCHER]: Adding transformer net.neoforged.coremod.transformer.CoreModClassTransformer@68565bc7 to Target : cpw.mods.modlauncher.api.TargetType@3724af13 {Lnet/minecraft/world/level/biome/Biome;} {} {V}
[27Feb2025 21:21:03.862] [main/DEBUG] [cpw.mods.modlauncher.TransformStore/MODLAUNCHER]: Adding transformer net.neoforged.coremod.transformer.CoreModClassTransformer@e11ecfa to Target : cpw.mods.modlauncher.api.TargetType@3724af13 {Lnet/minecraft/world/level/levelgen/structure/Structure;} {} {V}
[27Feb2025 21:21:03.862] [main/DEBUG] [cpw.mods.modlauncher.TransformStore/MODLAUNCHER]: Adding transformer net.neoforged.coremod.transformer.CoreModClassTransformer@485e13d7 to Target : cpw.mods.modlauncher.api.TargetType@3724af13 {Lnet/minecraft/world/level/block/FlowerPotBlock;} {} {V}
[27Feb2025 21:21:03.862] [main/DEBUG] [cpw.mods.modlauncher.TransformStore/MODLAUNCHER]: Adding transformer net.neoforged.coremod.transformer.CoreModClassTransformer@43984213 to Target : cpw.mods.modlauncher.api.TargetType@3724af13 {Lnet/minecraft/network/play/client/CClientSettingsPacket;} {} {V}
[27Feb2025 21:21:03.862] [main/DEBUG] [cpw.mods.modlauncher.TransformStore/MODLAUNCHER]: Adding transformer net.neoforged.coremod.transformer.CoreModClassTransformer@2ff7a73 to Target : cpw.mods.modlauncher.api.TargetType@3724af13 {Lnet/minecraft/world/entity/animal/horse/SkeletonTrapGoal;} {} {V}
[27Feb2025 21:21:03.862] [main/DEBUG] [cpw.mods.modlauncher.TransformStore/MODLAUNCHER]: Adding transformer net.neoforged.coremod.transformer.CoreModClassTransformer@2ff7a73 to Target : cpw.mods.modlauncher.api.TargetType@3724af13 {Lnet/minecraft/world/entity/raid/Raid;} {} {V}
[27Feb2025 21:21:03.862] [main/DEBUG] [cpw.mods.modlauncher.TransformStore/MODLAUNCHER]: Adding transformer net.neoforged.coremod.transformer.CoreModClassTransformer@2ff7a73 to Target : cpw.mods.modlauncher.api.TargetType@3724af13 {Lnet/minecraft/world/level/levelgen/structure/templatesystem/StructureTemplate;} {} {V}
[27Feb2025 21:21:03.862] [main/DEBUG] [cpw.mods.modlauncher.TransformStore/MODLAUNCHER]: Adding transformer net.neoforged.coremod.transformer.CoreModClassTransformer@2ff7a73 to Target : cpw.mods.modlauncher.api.TargetType@3724af13 {Lnet/minecraft/world/entity/monster/Strider;} {} {V}
[27Feb2025 21:21:03.863] [main/DEBUG] [cpw.mods.modlauncher.TransformStore/MODLAUNCHER]: Adding transformer net.neoforged.coremod.transformer.CoreModClassTransformer@2ff7a73 to Target : cpw.mods.modlauncher.api.TargetType@3724af13 {Lnet/minecraft/world/entity/npc/Villager;} {} {V}
[27Feb2025 21:21:03.863] [main/DEBUG] [cpw.mods.modlauncher.TransformStore/MODLAUNCHER]: Adding transformer net.neoforged.coremod.transformer.CoreModClassTransformer@2ff7a73 to Target : cpw.mods.modlauncher.api.TargetType@3724af13 {Lnet/minecraft/world/entity/animal/frog/Tadpole;} {} {V}
[27Feb2025 21:21:03.863] [main/DEBUG] [cpw.mods.modlauncher.TransformStore/MODLAUNCHER]: Adding transformer net.neoforged.coremod.transformer.CoreModClassTransformer@2ff7a73 to Target : cpw.mods.modlauncher.api.TargetType@3724af13 {Lnet/minecraft/world/entity/monster/Evoker$EvokerSummonSpellGoal;} {} {V}
[27Feb2025 21:21:03.863] [main/DEBUG] [cpw.mods.modlauncher.TransformStore/MODLAUNCHER]: Adding transformer net.neoforged.coremod.transformer.CoreModClassTransformer@2ff7a73 to Target : cpw.mods.modlauncher.api.TargetType@3724af13 {Lnet/minecraft/world/entity/EntityType;} {} {V}
[27Feb2025 21:21:03.863] [main/DEBUG] [cpw.mods.modlauncher.TransformStore/MODLAUNCHER]: Adding transformer net.neoforged.coremod.transformer.CoreModClassTransformer@2ff7a73 to Target : cpw.mods.modlauncher.api.TargetType@3724af13 {Lnet/minecraft/world/level/levelgen/PhantomSpawner;} {} {V}
[27Feb2025 21:21:03.863] [main/DEBUG] [cpw.mods.modlauncher.TransformStore/MODLAUNCHER]: Adding transformer net.neoforged.coremod.transformer.CoreModClassTransformer@2ff7a73 to Target : cpw.mods.modlauncher.api.TargetType@3724af13 {Lnet/minecraft/world/level/levelgen/structure/structures/OceanRuinPieces$OceanRuinPiece;} {} {V}
[27Feb2025 21:21:03.863] [main/DEBUG] [cpw.mods.modlauncher.TransformStore/MODLAUNCHER]: Adding transformer net.neoforged.coremod.transformer.CoreModClassTransformer@2ff7a73 to Target : cpw.mods.modlauncher.api.TargetType@3724af13 {Lnet/minecraft/world/level/levelgen/PatrolSpawner;} {} {V}
[27Feb2025 21:21:03.863] [main/DEBUG] [cpw.mods.modlauncher.TransformStore/MODLAUNCHER]: Adding transformer net.neoforged.coremod.transformer.CoreModClassTransformer@2ff7a73 to Target : cpw.mods.modlauncher.api.TargetType@3724af13 {Lnet/minecraft/world/level/levelgen/structure/structures/SwampHutPiece;} {} {V}
[27Feb2025 21:21:03.863] [main/DEBUG] [cpw.mods.modlauncher.TransformStore/MODLAUNCHER]: Adding transformer net.neoforged.coremod.transformer.CoreModClassTransformer@2ff7a73 to Target : cpw.mods.modlauncher.api.TargetType@3724af13 {Lnet/minecraft/world/entity/ai/village/VillageSiege;} {} {V}
[27Feb2025 21:21:03.863] [main/DEBUG] [cpw.mods.modlauncher.TransformStore/MODLAUNCHER]: Adding transformer net.neoforged.coremod.transformer.CoreModClassTransformer@2ff7a73 to Target : cpw.mods.modlauncher.api.TargetType@3724af13 {Lnet/minecraft/server/commands/RaidCommand;} {} {V}
[27Feb2025 21:21:03.863] [main/DEBUG] [cpw.mods.modlauncher.TransformStore/MODLAUNCHER]: Adding transformer net.neoforged.coremod.transformer.CoreModClassTransformer@2ff7a73 to Target : cpw.mods.modlauncher.api.TargetType@3724af13 {Lnet/minecraft/world/entity/npc/CatSpawner;} {} {V}
[27Feb2025 21:21:03.863] [main/DEBUG] [cpw.mods.modlauncher.TransformStore/MODLAUNCHER]: Adding transformer net.neoforged.coremod.transformer.CoreModClassTransformer@2ff7a73 to Target : cpw.mods.modlauncher.api.TargetType@3724af13 {Lnet/minecraft/server/commands/SummonCommand;} {} {V}
[27Feb2025 21:21:03.863] [main/DEBUG] [cpw.mods.modlauncher.TransformStore/MODLAUNCHER]: Adding transformer net.neoforged.coremod.transformer.CoreModClassTransformer@2ff7a73 to Target : cpw.mods.modlauncher.api.TargetType@3724af13 {Lnet/minecraft/world/entity/monster/ZombieVillager;} {} {V}
[27Feb2025 21:21:03.863] [main/DEBUG] [cpw.mods.modlauncher.TransformStore/MODLAUNCHER]: Adding transformer net.neoforged.coremod.transformer.CoreModClassTransformer@2ff7a73 to Target : cpw.mods.modlauncher.api.TargetType@3724af13 {Lnet/minecraft/world/level/levelgen/structure/structures/WoodlandMansionPieces$WoodlandMansionPiece;} {} {V}
[27Feb2025 21:21:03.863] [main/DEBUG] [cpw.mods.modlauncher.TransformStore/MODLAUNCHER]: Adding transformer net.neoforged.coremod.transformer.CoreModClassTransformer@2ff7a73 to Target : cpw.mods.modlauncher.api.TargetType@3724af13 {Lnet/minecraft/world/level/levelgen/structure/structures/OceanMonumentPieces$OceanMonumentPiece;} {} {V}
[27Feb2025 21:21:03.863] [main/DEBUG] [cpw.mods.modlauncher.TransformStore/MODLAUNCHER]: Adding transformer net.neoforged.coremod.transformer.CoreModClassTransformer@2ff7a73 to Target : cpw.mods.modlauncher.api.TargetType@3724af13 {Lnet/minecraft/world/entity/monster/Spider;} {} {V}
[27Feb2025 21:21:03.863] [main/DEBUG] [cpw.mods.modlauncher.TransformStore/MODLAUNCHER]: Adding transformer net.neoforged.coremod.transformer.CoreModClassTransformer@2ff7a73 to Target : cpw.mods.modlauncher.api.TargetType@3724af13 {Lnet/minecraft/world/level/NaturalSpawner;} {} {V}
[27Feb2025 21:21:03.863] [main/DEBUG] [cpw.mods.modlauncher.TransformStore/MODLAUNCHER]: Adding transformer net.neoforged.coremod.transformer.CoreModClassTransformer@2ff7a73 to Target : cpw.mods.modlauncher.api.TargetType@3724af13 {Lnet/minecraft/world/entity/monster/Zombie;} {} {V}
[27Feb2025 21:21:03.863] [main/DEBUG] [cpw.mods.modlauncher.TransformationServiceDecorator/MODLAUNCHER]: Initialized transformers for transformation service fml
[27Feb2025 21:21:03.972] [main/DEBUG] [mixin/]: Processing prepare() for PlatformAgent[MixinPlatformAgentDefault:ModLauncher Root Container(ModLauncher:4f56a0a2)]
[27Feb2025 21:21:03.973] [main/DEBUG] [mixin/]: Processing prepare() for PlatformAgent[MixinPlatformAgentDefault:net.neoforged.fml.loading.mixin.FMLMixinContainerHandle@4e92466a]
[27Feb2025 21:21:03.973] [main/DEBUG] [mixin/]: Processing prepare() for PlatformAgent[FMLMixinPlatformAgent:null]
[27Feb2025 21:21:03.985] [main/DEBUG] [mixin/]: Processing launch tasks for PlatformAgent[MixinPlatformAgentDefault:ModLauncher Root Container(ModLauncher:4f56a0a2)]
[27Feb2025 21:21:03.985] [main/DEBUG] [mixin/]: Adding mixin platform agents for container SecureJarResource(mixin_synthetic)
[27Feb2025 21:21:03.985] [main/DEBUG] [mixin/]: Instancing new MixinPlatformAgentMinecraftForge for SecureJarResource(mixin_synthetic)
[27Feb2025 21:21:03.985] [main/DEBUG] [mixin/]: MixinPlatformAgentMinecraftForge rejected container SecureJarResource(mixin_synthetic)
[27Feb2025 21:21:03.985] [main/DEBUG] [mixin/]: Instancing new MixinPlatformAgentDefault for SecureJarResource(mixin_synthetic)
[27Feb2025 21:21:03.985] [main/DEBUG] [mixin/]: MixinPlatformAgentDefault accepted container SecureJarResource(mixin_synthetic)
[27Feb2025 21:21:03.985] [main/DEBUG] [mixin/]: Instancing new FMLMixinPlatformAgent for SecureJarResource(mixin_synthetic)
[27Feb2025 21:21:03.985] [main/DEBUG] [mixin/]: FMLMixinPlatformAgent rejected container SecureJarResource(mixin_synthetic)
[27Feb2025 21:21:03.985] [main/DEBUG] [mixin/]: Processing prepare() for PlatformAgent[MixinPlatformAgentDefault:SecureJarResource(mixin_synthetic)]
[27Feb2025 21:21:03.985] [main/DEBUG] [mixin/]: Adding mixin platform agents for container SecureJarResource(minecraft)
[27Feb2025 21:21:03.985] [main/DEBUG] [mixin/]: Instancing new MixinPlatformAgentMinecraftForge for SecureJarResource(minecraft)
[27Feb2025 21:21:03.985] [main/DEBUG] [mixin/]: MixinPlatformAgentMinecraftForge rejected container SecureJarResource(minecraft)
[27Feb2025 21:21:03.985] [main/DEBUG] [mixin/]: Instancing new MixinPlatformAgentDefault for SecureJarResource(minecraft)
[27Feb2025 21:21:03.985] [main/DEBUG] [mixin/]: MixinPlatformAgentDefault accepted container SecureJarResource(minecraft)
[27Feb2025 21:21:03.985] [main/DEBUG] [mixin/]: Instancing new FMLMixinPlatformAgent for SecureJarResource(minecraft)
[27Feb2025 21:21:03.985] [main/DEBUG] [mixin/]: FMLMixinPlatformAgent rejected container SecureJarResource(minecraft)
[27Feb2025 21:21:03.985] [main/DEBUG] [mixin/]: Processing prepare() for PlatformAgent[MixinPlatformAgentDefault:SecureJarResource(minecraft)]
[27Feb2025 21:21:03.985] [main/DEBUG] [mixin/]: Adding mixin platform agents for container SecureJarResource(slide_show)
[27Feb2025 21:21:03.985] [main/DEBUG] [mixin/]: Instancing new MixinPlatformAgentMinecraftForge for SecureJarResource(slide_show)
[27Feb2025 21:21:03.985] [main/DEBUG] [mixin/]: MixinPlatformAgentMinecraftForge rejected container SecureJarResource(slide_show)
[27Feb2025 21:21:03.985] [main/DEBUG] [mixin/]: Instancing new MixinPlatformAgentDefault for SecureJarResource(slide_show)
[27Feb2025 21:21:03.986] [main/DEBUG] [mixin/]: MixinPlatformAgentDefault accepted container SecureJarResource(slide_show)
[27Feb2025 21:21:03.986] [main/DEBUG] [mixin/]: Instancing new FMLMixinPlatformAgent for SecureJarResource(slide_show)
[27Feb2025 21:21:03.986] [main/DEBUG] [mixin/]: FMLMixinPlatformAgent rejected container SecureJarResource(slide_show)
[27Feb2025 21:21:03.986] [main/DEBUG] [mixin/]: Processing prepare() for PlatformAgent[MixinPlatformAgentDefault:SecureJarResource(slide_show)]
[27Feb2025 21:21:03.986] [main/DEBUG] [mixin/]: Adding mixin platform agents for container SecureJarResource(mixinextras.neoforge)
[27Feb2025 21:21:03.986] [main/DEBUG] [mixin/]: Instancing new MixinPlatformAgentMinecraftForge for SecureJarResource(mixinextras.neoforge)
[27Feb2025 21:21:03.986] [main/DEBUG] [mixin/]: MixinPlatformAgentMinecraftForge rejected container SecureJarResource(mixinextras.neoforge)
[27Feb2025 21:21:03.986] [main/DEBUG] [mixin/]: Instancing new MixinPlatformAgentDefault for SecureJarResource(mixinextras.neoforge)
[27Feb2025 21:21:03.986] [main/DEBUG] [mixin/]: MixinPlatformAgentDefault accepted container SecureJarResource(mixinextras.neoforge)
[27Feb2025 21:21:03.986] [main/DEBUG] [mixin/]: Instancing new FMLMixinPlatformAgent for SecureJarResource(mixinextras.neoforge)
[27Feb2025 21:21:03.986] [main/DEBUG] [mixin/]: FMLMixinPlatformAgent rejected container SecureJarResource(mixinextras.neoforge)
[27Feb2025 21:21:03.986] [main/DEBUG] [mixin/]: Processing prepare() for PlatformAgent[MixinPlatformAgentDefault:SecureJarResource(mixinextras.neoforge)]
[27Feb2025 21:21:03.986] [main/DEBUG] [mixin/]: Registering mixin config: mixinextras.init.mixins.json source=SecureJarResource(mixinextras.neoforge)
[27Feb2025 21:21:03.986] [main/DEBUG] [mixin/]: inject() running with 6 agents
[27Feb2025 21:21:03.986] [main/DEBUG] [mixin/]: Processing inject() for PlatformAgent[MixinPlatformAgentDefault:ModLauncher Root Container(ModLauncher:4f56a0a2)]
[27Feb2025 21:21:03.987] [main/DEBUG] [mixin/]: Processing inject() for PlatformAgent[MixinPlatformAgentDefault:net.neoforged.fml.loading.mixin.FMLMixinContainerHandle@4e92466a]
[27Feb2025 21:21:03.987] [main/DEBUG] [mixin/]: Processing inject() for PlatformAgent[FMLMixinPlatformAgent:null]
[27Feb2025 21:21:03.987] [main/DEBUG] [mixin/]: Processing inject() for PlatformAgent[MixinPlatformAgentDefault:SecureJarResource(mixin_synthetic)]
[27Feb2025 21:21:03.987] [main/DEBUG] [mixin/]: Processing inject() for PlatformAgent[MixinPlatformAgentDefault:SecureJarResource(minecraft)]
[27Feb2025 21:21:03.987] [main/DEBUG] [mixin/]: Processing inject() for PlatformAgent[MixinPlatformAgentDefault:SecureJarResource(slide_show)]
[27Feb2025 21:21:03.987] [main/DEBUG] [mixin/]: Processing inject() for PlatformAgent[MixinPlatformAgentDefault:SecureJarResource(mixinextras.neoforge)]
[27Feb2025 21:21:03.987] [main/INFO] [cpw.mods.modlauncher.LaunchServiceHandler/MODLAUNCHER]: Launching target 'forgeclientuserdev' with arguments [--version, 21.1.15, --gameDir, ., --assetsDir, /Users/strawhattom/.gradle/caches/neoformruntime/assets, --assetIndex, 17]
[27Feb2025 21:21:03.997] [main/DEBUG] [mixin/]: Preparing mixins for MixinEnvironment[DEFAULT]
[27Feb2025 21:21:03.997] [main/DEBUG] [mixin/]: Selecting config neoforge.mixins.json
[27Feb2025 21:21:03.999] [main/DEBUG] [mixin/]: Selecting config mixinextras.init.mixins.json
[27Feb2025 21:21:04.007] [main/DEBUG] [MixinExtras|Service/]: com.llamalad7.mixinextras.service.MixinExtrasServiceImpl(version=0.3.5) is taking over from null
[27Feb2025 21:21:04.015] [main/DEBUG] [mixin/]: Registering new injector for @Inject with org.spongepowered.asm.mixin.injection.struct.CallbackInjectionInfo
[27Feb2025 21:21:04.016] [main/DEBUG] [mixin/]: Registering new injector for @ModifyArg with org.spongepowered.asm.mixin.injection.struct.ModifyArgInjectionInfo
[27Feb2025 21:21:04.016] [main/DEBUG] [mixin/]: Registering new injector for @ModifyArgs with org.spongepowered.asm.mixin.injection.struct.ModifyArgsInjectionInfo
[27Feb2025 21:21:04.017] [main/DEBUG] [mixin/]: Registering new injector for @Redirect with org.spongepowered.asm.mixin.injection.struct.RedirectInjectionInfo
[27Feb2025 21:21:04.017] [main/DEBUG] [mixin/]: Registering new injector for @ModifyVariable with org.spongepowered.asm.mixin.injection.struct.ModifyVariableInjectionInfo
[27Feb2025 21:21:04.017] [main/DEBUG] [mixin/]: Registering new injector for @ModifyConstant with org.spongepowered.asm.mixin.injection.struct.ModifyConstantInjectionInfo
[27Feb2025 21:21:04.021] [main/DEBUG] [mixin/]: Preparing neoforge.mixins.json (2)
[27Feb2025 21:21:04.033] [main/DEBUG] [mixin/]: Preparing mixinextras.init.mixins.json (0)
[27Feb2025 21:21:04.092] [main/DEBUG] [io.netty.util.internal.logging.InternalLoggerFactory/]: Using SLF4J as the default logging framework
[27Feb2025 21:21:04.093] [main/DEBUG] [io.netty.util.ResourceLeakDetector/]: -Dio.netty.leakDetection.level: simple
[27Feb2025 21:21:04.094] [main/DEBUG] [io.netty.util.ResourceLeakDetector/]: -Dio.netty.leakDetection.targetRecords: 4
[27Feb2025 21:21:04.374] [main/DEBUG] [oshi.util.FileUtil/]: No oshi.properties file found from ClassLoader cpw.mods.modlauncher.TransformingClassLoader@2ae62bb6
[27Feb2025 21:21:04.465] [Datafixer Bootstrap/INFO] [com.mojang.datafixers.DataFixerBuilder/]: 229 Datafixer optimizations took 100 milliseconds
[27Feb2025 21:21:04.513] [main/DEBUG] [oshi.util.FileUtil/]: No oshi.architecture.properties file found from ClassLoader cpw.mods.modlauncher.TransformingClassLoader@2ae62bb6
[27Feb2025 21:21:04.827] [pool-7-thread-1/INFO] [MixinExtras|Service/]: Initializing MixinExtras via com.llamalad7.mixinextras.service.MixinExtrasServiceImpl(version=0.3.5).
[27Feb2025 21:21:04.828] [pool-7-thread-1/DEBUG] [mixin/]: Registering new injector for @SugarWrapper with com.llamalad7.mixinextras.sugar.impl.SugarWrapperInjectionInfo
[27Feb2025 21:21:04.828] [pool-7-thread-1/DEBUG] [mixin/]: Registering new injector for @FactoryRedirectWrapper with com.llamalad7.mixinextras.wrapper.factory.FactoryRedirectWrapperInjectionInfo
[27Feb2025 21:21:04.829] [pool-7-thread-1/DEBUG] [mixin/]: Mixing MappedRegistryAccessor from neoforge.mixins.json into net.minecraft.core.MappedRegistry
[27Feb2025 21:21:04.830] [pool-7-thread-1/DEBUG] [mixin/]: neoforge.mixins.json:MappedRegistryAccessor from mod neoforge: Class version 65 required is higher than the class version supported by the current version of Mixin (JAVA_16 supports class version 60)
[27Feb2025 21:21:04.999] [pool-7-thread-1/DEBUG] [net.neoforged.coremod.transformer.CoreModBaseTransformer/COREMOD]: Transforming net/minecraft/world/level/block/FlowerPotBlock
[27Feb2025 21:21:05.080] [pool-7-thread-1/DEBUG] [net.neoforged.coremod.transformer.CoreModBaseTransformer/COREMOD]: Transforming net/minecraft/world/entity/EntityType
[27Feb2025 21:21:05.264] [pool-7-thread-1/DEBUG] [mixin/]: Mixing BlockEntityTypeAccessor from neoforge.mixins.json into net.minecraft.world.level.block.entity.BlockEntityType
[27Feb2025 21:21:05.265] [pool-7-thread-1/DEBUG] [mixin/]: neoforge.mixins.json:BlockEntityTypeAccessor from mod neoforge: Class version 65 required is higher than the class version supported by the current version of Mixin (JAVA_16 supports class version 60)
[27Feb2025 21:21:05.326] [pool-7-thread-1/DEBUG] [net.neoforged.coremod.transformer.CoreModBaseTransformer/COREMOD]: Transforming net/minecraft/world/level/biome/Biome
[27Feb2025 21:21:05.523] [pool-7-thread-1/DEBUG] [net.neoforged.coremod.transformer.CoreModBaseTransformer/COREMOD]: Transforming net/minecraft/world/entity/animal/frog/Tadpole
[27Feb2025 21:21:05.812] [pool-7-thread-1/DEBUG] [io.netty.util.internal.PlatformDependent0/]: -Dio.netty.noUnsafe: false
[27Feb2025 21:21:05.812] [pool-7-thread-1/DEBUG] [io.netty.util.internal.PlatformDependent0/]: Java version: 21
[27Feb2025 21:21:05.813] [pool-7-thread-1/DEBUG] [io.netty.util.internal.PlatformDependent0/]: sun.misc.Unsafe.theUnsafe: available
[27Feb2025 21:21:05.813] [pool-7-thread-1/DEBUG] [io.netty.util.internal.PlatformDependent0/]: sun.misc.Unsafe.copyMemory: available
[27Feb2025 21:21:05.813] [pool-7-thread-1/DEBUG] [io.netty.util.internal.PlatformDependent0/]: sun.misc.Unsafe.storeFence: available
[27Feb2025 21:21:05.813] [pool-7-thread-1/DEBUG] [io.netty.util.internal.PlatformDependent0/]: java.nio.Buffer.address: available
[27Feb2025 21:21:05.813] [pool-7-thread-1/DEBUG] [io.netty.util.internal.PlatformDependent0/]: direct buffer constructor: unavailable: Reflective setAccessible(true) disabled
[27Feb2025 21:21:05.813] [pool-7-thread-1/DEBUG] [io.netty.util.internal.PlatformDependent0/]: java.nio.Bits.unaligned: available, true
[27Feb2025 21:21:05.813] [pool-7-thread-1/DEBUG] [io.netty.util.internal.PlatformDependent0/]: jdk.internal.misc.Unsafe.allocateUninitializedArray(int): unavailable: class io.netty.util.internal.PlatformDependent0$7 (in module io.netty.common) cannot access class jdk.internal.misc.Unsafe (in module java.base) because module java.base does not export jdk.internal.misc to module io.netty.common
[27Feb2025 21:21:05.814] [pool-7-thread-1/DEBUG] [io.netty.util.internal.PlatformDependent0/]: java.nio.DirectByteBuffer.<init>(long, {int,long}): unavailable
[27Feb2025 21:21:05.814] [pool-7-thread-1/DEBUG] [io.netty.util.internal.PlatformDependent/]: sun.misc.Unsafe: available
[27Feb2025 21:21:05.814] [pool-7-thread-1/DEBUG] [io.netty.util.internal.PlatformDependent/]: maxDirectMemory: 6442450944 bytes (maybe)
[27Feb2025 21:21:05.814] [pool-7-thread-1/DEBUG] [io.netty.util.internal.PlatformDependent/]: -Dio.netty.tmpdir: /var/folders/8d/l1m97wgn0kz4jr7t3_1bbfw00000gn/T (java.io.tmpdir)
[27Feb2025 21:21:05.814] [pool-7-thread-1/DEBUG] [io.netty.util.internal.PlatformDependent/]: -Dio.netty.bitMode: 64 (sun.arch.data.model)
[27Feb2025 21:21:05.814] [pool-7-thread-1/DEBUG] [io.netty.util.internal.PlatformDependent/]: Platform: MacOS
[27Feb2025 21:21:05.814] [pool-7-thread-1/DEBUG] [io.netty.util.internal.PlatformDependent/]: -Dio.netty.maxDirectMemory: -1 bytes
[27Feb2025 21:21:05.814] [pool-7-thread-1/DEBUG] [io.netty.util.internal.PlatformDependent/]: -Dio.netty.uninitializedArrayAllocationThreshold: -1
[27Feb2025 21:21:05.815] [pool-7-thread-1/DEBUG] [io.netty.util.internal.CleanerJava9/]: java.nio.ByteBuffer.cleaner(): available
[27Feb2025 21:21:05.815] [pool-7-thread-1/DEBUG] [io.netty.util.internal.PlatformDependent/]: -Dio.netty.noPreferDirect: false
[27Feb2025 21:21:05.934] [pool-7-thread-1/DEBUG] [net.neoforged.coremod.transformer.CoreModBaseTransformer/COREMOD]: Transforming net/minecraft/world/entity/monster/Spider
[27Feb2025 21:21:05.955] [pool-7-thread-1/DEBUG] [net.neoforged.coremod.transformer.CoreModBaseTransformer/COREMOD]: Transforming net/minecraft/world/entity/monster/Zombie
[27Feb2025 21:21:05.968] [pool-7-thread-1/DEBUG] [net.neoforged.coremod.transformer.CoreModBaseTransformer/COREMOD]: Transforming net/minecraft/world/entity/monster/ZombieVillager
[27Feb2025 21:21:05.985] [pool-7-thread-1/DEBUG] [net.neoforged.coremod.transformer.CoreModBaseTransformer/COREMOD]: Transforming net/minecraft/world/entity/monster/Evoker$EvokerSummonSpellGoal
[27Feb2025 21:21:06.019] [pool-7-thread-1/DEBUG] [net.neoforged.coremod.transformer.CoreModBaseTransformer/COREMOD]: Transforming net/minecraft/world/entity/animal/horse/SkeletonTrapGoal
[27Feb2025 21:21:06.026] [pool-7-thread-1/DEBUG] [net.neoforged.coremod.transformer.CoreModBaseTransformer/COREMOD]: Transforming net/minecraft/world/entity/monster/Strider
[27Feb2025 21:21:06.037] [pool-7-thread-1/DEBUG] [net.neoforged.coremod.transformer.CoreModBaseTransformer/COREMOD]: Transforming net/minecraft/world/entity/npc/Villager
[27Feb2025 21:21:06.418] [pool-7-thread-1/DEBUG] [net.neoforged.coremod.transformer.CoreModBaseTransformer/COREMOD]: Transforming net/minecraft/world/level/levelgen/structure/Structure
[27Feb2025 21:21:06.429] [pool-7-thread-1/DEBUG] [net.neoforged.coremod.transformer.CoreModBaseTransformer/COREMOD]: Transforming net/minecraft/world/level/levelgen/structure/structures/OceanRuinPieces$OceanRuinPiece
[27Feb2025 21:21:06.432] [pool-7-thread-1/DEBUG] [net.neoforged.coremod.transformer.CoreModBaseTransformer/COREMOD]: Transforming net/minecraft/world/level/levelgen/structure/structures/SwampHutPiece
[27Feb2025 21:21:06.435] [pool-7-thread-1/DEBUG] [net.neoforged.coremod.transformer.CoreModBaseTransformer/COREMOD]: Transforming net/minecraft/world/level/levelgen/structure/structures/OceanMonumentPieces$OceanMonumentPiece
[27Feb2025 21:21:06.440] [pool-7-thread-1/DEBUG] [net.neoforged.coremod.transformer.CoreModBaseTransformer/COREMOD]: Transforming net/minecraft/world/level/levelgen/structure/structures/WoodlandMansionPieces$WoodlandMansionPiece
[27Feb2025 21:21:06.828] [main/DEBUG] [net.neoforged.coremod.transformer.CoreModBaseTransformer/COREMOD]: Transforming net/minecraft/server/commands/SummonCommand
[27Feb2025 21:21:06.860] [main/DEBUG] [net.neoforged.coremod.transformer.CoreModBaseTransformer/COREMOD]: Transforming net/minecraft/server/commands/RaidCommand
[27Feb2025 21:21:06.884] [main/WARN] [net.minecraft.commands.Commands/]: Ambiguity between arguments [teleport, location] and [teleport, destination] with inputs: [0.1 -0.5 .9, 0 0 0]
[27Feb2025 21:21:06.884] [main/WARN] [net.minecraft.commands.Commands/]: Ambiguity between arguments [teleport, location] and [teleport, targets] with inputs: [0.1 -0.5 .9, 0 0 0]
[27Feb2025 21:21:06.885] [main/WARN] [net.minecraft.commands.Commands/]: Ambiguity between arguments [teleport, destination] and [teleport, targets] with inputs: [Player, 0123, @e, dd12be42-52a9-4a91-a8a1-11c01849e498]
[27Feb2025 21:21:06.886] [main/WARN] [net.minecraft.commands.Commands/]: Ambiguity between arguments [teleport, targets] and [teleport, destination] with inputs: [Player, 0123, dd12be42-52a9-4a91-a8a1-11c01849e498]
[27Feb2025 21:21:06.886] [main/WARN] [net.minecraft.commands.Commands/]: Ambiguity between arguments [teleport, targets, location] and [teleport, targets, destination] with inputs: [0.1 -0.5 .9, 0 0 0]
[27Feb2025 21:21:06.934] [Render thread/WARN] [net.minecraft.server.packs.VanillaPackResourcesBuilder/]: Assets URL 'union:/Users/strawhattom/dev/repos/SlideShow/build/moddev/artifacts/neoforge-21.1.15-minecraft.jar%23186!/assets/.mcassetsroot' uses unexpected schema
[27Feb2025 21:21:06.934] [Render thread/WARN] [net.minecraft.server.packs.VanillaPackResourcesBuilder/]: Assets URL 'union:/Users/strawhattom/dev/repos/SlideShow/build/moddev/artifacts/neoforge-21.1.15-minecraft.jar%23186!/data/.mcassetsroot' uses unexpected schema
[27Feb2025 21:21:06.944] [Render thread/INFO] [com.mojang.authlib.yggdrasil.YggdrasilAuthenticationService/]: Environment: Environment[sessionHost=https://sessionserver.mojang.com, servicesHost=https://api.minecraftservices.com, name=PROD]
[27Feb2025 21:21:06.947] [Render thread/INFO] [net.minecraft.client.Minecraft/]: Setting user: Dev
[27Feb2025 21:21:06.976] [Render thread/INFO] [net.minecraft.client.Minecraft/]: Backend library: LWJGL version 3.3.3+5
[27Feb2025 21:21:07.175] [Render thread/DEBUG] [net.neoforged.fml.ModWorkManager/LOADING]: Using 8 threads for parallel mod-loading
[27Feb2025 21:21:07.181] [Render thread/DEBUG] [net.neoforged.fml.javafmlmod.FMLModContainer/LOADING]: Creating FMLModContainer instance for [org.teacon.slides.SlideShow]
[27Feb2025 21:21:07.182] [Render thread/DEBUG] [net.neoforged.fml.javafmlmod.FMLModContainer/LOADING]: Creating FMLModContainer instance for [net.neoforged.neoforge.common.NeoForgeMod, net.neoforged.neoforge.client.ClientNeoForgeMod]
[27Feb2025 21:21:07.187] [modloading-worker-0/DEBUG] [net.neoforged.fml.javafmlmod.AutomaticEventSubscriber/LOADING]: Attempting to inject @EventBusSubscriber classes into the eventbus for slide_show
[27Feb2025 21:21:07.189] [modloading-worker-0/DEBUG] [net.neoforged.fml.javafmlmod.AutomaticEventSubscriber/LOADING]: Auto-subscribing org.teacon.slides.renderer.SlideState to GAME
[27Feb2025 21:21:07.195] [modloading-worker-0/DEBUG] [net.neoforged.fml.javafmlmod.AutomaticEventSubscriber/LOADING]: Auto-subscribing org.teacon.slides.ModRegistries to MOD
[27Feb2025 21:21:07.196] [modloading-worker-0/DEBUG] [net.neoforged.neoforge.internal.versions.neoforge.NeoForgeVersion/CORE]: Found NeoForge version 21.1.15
[27Feb2025 21:21:07.196] [modloading-worker-0/DEBUG] [net.neoforged.neoforge.internal.versions.neoforge.NeoForgeVersion/CORE]: Found FML version 4.0.24
[27Feb2025 21:21:07.196] [modloading-worker-0/INFO] [net.neoforged.neoforge.common.NeoForgeMod/NEOFORGE-MOD]: NeoForge mod loading, version 21.1.15, for MC 1.21.1
[27Feb2025 21:21:07.197] [modloading-worker-0/DEBUG] [net.neoforged.fml.javafmlmod.AutomaticEventSubscriber/LOADING]: Auto-subscribing org.teacon.slides.admin.SlideCommand to GAME
[27Feb2025 21:21:07.199] [modloading-worker-0/DEBUG] [net.neoforged.fml.javafmlmod.AutomaticEventSubscriber/LOADING]: Auto-subscribing org.teacon.slides.admin.SlidePermission to GAME
[27Feb2025 21:21:07.200] [modloading-worker-0/DEBUG] [net.neoforged.fml.javafmlmod.AutomaticEventSubscriber/LOADING]: Auto-subscribing org.teacon.slides.url.ProjectorURLSavedData to MOD
[27Feb2025 21:21:07.203] [modloading-worker-0/DEBUG] [net.neoforged.fml.javafmlmod.AutomaticEventSubscriber/LOADING]: Auto-subscribing org.teacon.slides.ModClientRegistries to MOD
[27Feb2025 21:21:07.207] [modloading-worker-0/DEBUG] [net.neoforged.fml.config.ConfigTracker/CONFIG]: Config file neoforge-client.toml for neoforge tracking
[27Feb2025 21:21:07.207] [modloading-worker-0/DEBUG] [net.neoforged.fml.config.ConfigTracker/CONFIG]: Config file neoforge-server.toml for neoforge tracking
[27Feb2025 21:21:07.207] [modloading-worker-0/DEBUG] [net.neoforged.fml.config.ConfigTracker/CONFIG]: Config file neoforge-common.toml for neoforge tracking
[27Feb2025 21:21:07.234] [modloading-worker-0/DEBUG] [net.neoforged.fml.javafmlmod.AutomaticEventSubscriber/LOADING]: Attempting to inject @EventBusSubscriber classes into the eventbus for neoforge
[27Feb2025 21:21:07.235] [modloading-worker-0/DEBUG] [net.neoforged.fml.javafmlmod.AutomaticEventSubscriber/LOADING]: Auto-subscribing net.neoforged.neoforge.server.command.ConfigCommand to GAME
[27Feb2025 21:21:07.236] [modloading-worker-0/DEBUG] [net.neoforged.fml.javafmlmod.AutomaticEventSubscriber/LOADING]: Auto-subscribing net.neoforged.neoforge.network.filters.GenericPacketSplitter to MOD
[27Feb2025 21:21:07.250] [modloading-worker-0/DEBUG] [io.netty.buffer.AbstractByteBuf/]: -Dio.netty.buffer.checkAccessible: true
[27Feb2025 21:21:07.250] [modloading-worker-0/DEBUG] [io.netty.buffer.AbstractByteBuf/]: -Dio.netty.buffer.checkBounds: true
[27Feb2025 21:21:07.251] [modloading-worker-0/DEBUG] [io.netty.util.ResourceLeakDetectorFactory/]: Loaded default ResourceLeakDetector: io.netty.util.ResourceLeakDetector@2cf7c205
[27Feb2025 21:21:07.256] [modloading-worker-0/DEBUG] [io.netty.util.internal.InternalThreadLocalMap/]: -Dio.netty.threadLocalMap.stringBuilder.initialSize: 1024
[27Feb2025 21:21:07.256] [modloading-worker-0/DEBUG] [io.netty.util.internal.InternalThreadLocalMap/]: -Dio.netty.threadLocalMap.stringBuilder.maxSize: 4096
[27Feb2025 21:21:07.257] [modloading-worker-0/DEBUG] [io.netty.buffer.PooledByteBufAllocator/]: -Dio.netty.allocator.numHeapArenas: 16
[27Feb2025 21:21:07.257] [modloading-worker-0/DEBUG] [io.netty.buffer.PooledByteBufAllocator/]: -Dio.netty.allocator.numDirectArenas: 16
[27Feb2025 21:21:07.257] [modloading-worker-0/DEBUG] [io.netty.buffer.PooledByteBufAllocator/]: -Dio.netty.allocator.pageSize: 8192
[27Feb2025 21:21:07.257] [modloading-worker-0/DEBUG] [io.netty.buffer.PooledByteBufAllocator/]: -Dio.netty.allocator.maxOrder: 9
[27Feb2025 21:21:07.257] [modloading-worker-0/DEBUG] [io.netty.buffer.PooledByteBufAllocator/]: -Dio.netty.allocator.chunkSize: 4194304
[27Feb2025 21:21:07.257] [modloading-worker-0/DEBUG] [io.netty.buffer.PooledByteBufAllocator/]: -Dio.netty.allocator.smallCacheSize: 256
[27Feb2025 21:21:07.257] [modloading-worker-0/DEBUG] [io.netty.buffer.PooledByteBufAllocator/]: -Dio.netty.allocator.normalCacheSize: 64
[27Feb2025 21:21:07.257] [modloading-worker-0/DEBUG] [io.netty.buffer.PooledByteBufAllocator/]: -Dio.netty.allocator.maxCachedBufferCapacity: 32768
[27Feb2025 21:21:07.257] [modloading-worker-0/DEBUG] [io.netty.buffer.PooledByteBufAllocator/]: -Dio.netty.allocator.cacheTrimInterval: 8192
[27Feb2025 21:21:07.257] [modloading-worker-0/DEBUG] [io.netty.buffer.PooledByteBufAllocator/]: -Dio.netty.allocator.cacheTrimIntervalMillis: 0
[27Feb2025 21:21:07.257] [modloading-worker-0/DEBUG] [io.netty.buffer.PooledByteBufAllocator/]: -Dio.netty.allocator.useCacheForAllThreads: false
[27Feb2025 21:21:07.257] [modloading-worker-0/DEBUG] [io.netty.buffer.PooledByteBufAllocator/]: -Dio.netty.allocator.maxCachedByteBuffersPerChunk: 1023
[27Feb2025 21:21:07.261] [modloading-worker-0/DEBUG] [io.netty.buffer.ByteBufUtil/]: -Dio.netty.allocator.type: pooled
[27Feb2025 21:21:07.262] [modloading-worker-0/DEBUG] [io.netty.buffer.ByteBufUtil/]: -Dio.netty.threadLocalDirectBufferSize: 0
[27Feb2025 21:21:07.262] [modloading-worker-0/DEBUG] [io.netty.buffer.ByteBufUtil/]: -Dio.netty.maxThreadLocalCharBufferSize: 16384
[27Feb2025 21:21:07.266] [modloading-worker-0/DEBUG] [net.neoforged.fml.javafmlmod.AutomaticEventSubscriber/LOADING]: Auto-subscribing net.neoforged.neoforge.network.NetworkInitialization to MOD
[27Feb2025 21:21:07.266] [modloading-worker-0/DEBUG] [net.neoforged.fml.javafmlmod.AutomaticEventSubscriber/LOADING]: Auto-subscribing net.neoforged.neoforge.network.ConfigurationInitialization to MOD
[27Feb2025 21:21:07.267] [modloading-worker-0/DEBUG] [net.neoforged.fml.javafmlmod.AutomaticEventSubscriber/LOADING]: Auto-subscribing net.neoforged.neoforge.common.MonsterRoomHooks to GAME
[27Feb2025 21:21:07.268] [modloading-worker-0/DEBUG] [net.neoforged.fml.javafmlmod.AutomaticEventSubscriber/LOADING]: Auto-subscribing net.neoforged.neoforge.common.DeferredSpawnEggItem$CommonHandler to MOD
[27Feb2025 21:21:07.268] [modloading-worker-0/DEBUG] [net.neoforged.fml.javafmlmod.AutomaticEventSubscriber/LOADING]: Auto-subscribing net.neoforged.neoforge.common.DeferredSpawnEggItem$ColorRegisterHandler to MOD
[27Feb2025 21:21:07.268] [modloading-worker-0/DEBUG] [net.neoforged.fml.javafmlmod.AutomaticEventSubscriber/LOADING]: Auto-subscribing net.neoforged.neoforge.client.model.data.ModelDataManager to GAME
[27Feb2025 21:21:07.269] [modloading-worker-0/DEBUG] [net.neoforged.fml.javafmlmod.AutomaticEventSubscriber/LOADING]: Auto-subscribing net.neoforged.neoforge.client.ParticleBoundsDebugRenderer to GAME
[27Feb2025 21:21:07.270] [modloading-worker-0/DEBUG] [net.neoforged.fml.javafmlmod.AutomaticEventSubscriber/LOADING]: Auto-subscribing net.neoforged.neoforge.client.ClientHooks$ClientEvents to MOD
[27Feb2025 21:21:07.272] [modloading-worker-0/DEBUG] [net.neoforged.fml.javafmlmod.AutomaticEventSubscriber/LOADING]: Auto-subscribing net.neoforged.neoforge.client.BlockEntityRenderBoundsDebugRenderer to GAME
[27Feb2025 21:21:07.272] [modloading-worker-0/DEBUG] [net.neoforged.fml.javafmlmod.AutomaticEventSubscriber/LOADING]: Auto-subscribing net.neoforged.neoforge.attachment.AttachmentInternals to GAME
[27Feb2025 21:21:07.355] [modloading-sync-worker/DEBUG] [net.neoforged.fml.config.ConfigTracker/CONFIG]: Loading configs type CLIENT
[27Feb2025 21:21:07.358] [modloading-sync-worker/DEBUG] [net.neoforged.neoforge.common.NeoForgeConfig/FORGEMOD]: Loaded NeoForge config file neoforge-client.toml
[27Feb2025 21:21:07.358] [modloading-sync-worker/DEBUG] [net.neoforged.fml.config.ConfigTracker/CONFIG]: Loaded TOML config file /Users/strawhattom/dev/repos/SlideShow/run/config/neoforge-client.toml
[27Feb2025 21:21:07.360] [modloading-sync-worker/DEBUG] [net.neoforged.fml.config.ConfigTracker/CONFIG]: Watching TOML config file /Users/strawhattom/dev/repos/SlideShow/run/config/neoforge-client.toml for changes
[27Feb2025 21:21:07.360] [modloading-sync-worker/DEBUG] [net.neoforged.fml.config.ConfigTracker/CONFIG]: Loading configs type COMMON
[27Feb2025 21:21:07.360] [modloading-sync-worker/DEBUG] [net.neoforged.neoforge.common.NeoForgeConfig/FORGEMOD]: Loaded NeoForge config file neoforge-common.toml
[27Feb2025 21:21:07.360] [modloading-sync-worker/DEBUG] [net.neoforged.fml.config.ConfigTracker/CONFIG]: Loaded TOML config file /Users/strawhattom/dev/repos/SlideShow/run/config/neoforge-common.toml
[27Feb2025 21:21:07.360] [modloading-sync-worker/DEBUG] [net.neoforged.fml.config.ConfigTracker/CONFIG]: Watching TOML config file /Users/strawhattom/dev/repos/SlideShow/run/config/neoforge-common.toml for changes
[27Feb2025 21:21:07.559] [Render thread/INFO] [net.neoforged.neoforge.gametest.GameTestHooks/]: Enabled Gametest Namespaces: [slide_show]
[27Feb2025 21:21:07.580] [Render thread/INFO] [SlideShow/]: OptiFine loaded: false
[27Feb2025 21:21:07.689] [Render thread/INFO] [net.minecraft.server.packs.resources.ReloadableResourceManager/]: Reloading ResourceManager: vanilla, mod_resources, mod/slide_show, mod/neoforge
[27Feb2025 21:21:07.705] [Render thread/DEBUG] [net.neoforged.fml.DeferredWorkQueue/LOADING]: Dispatching synchronous work for work queue Common setup: 1 jobs
[27Feb2025 21:21:07.705] [Render thread/DEBUG] [net.neoforged.fml.DeferredWorkQueue/LOADING]: Synchronous work queue completed in 204.0 μs
[27Feb2025 21:21:07.747] [Worker-Main-5/INFO] [net.minecraft.client.gui.font.providers.UnihexProvider/]: Found unifont_all_no_pua-15.1.05.hex, loading
[27Feb2025 21:21:07.842] [Render thread/DEBUG] [net.neoforged.fml.DeferredWorkQueue/LOADING]: Dispatching synchronous work for work queue Sided setup: 1 jobs
[27Feb2025 21:21:07.844] [Worker-Main-4/INFO] [net.minecraft.client.gui.font.providers.UnihexProvider/]: Found unifont_jp_patch-15.1.05.hex, loading
[27Feb2025 21:21:07.846] [Render thread/DEBUG] [net.neoforged.fml.DeferredWorkQueue/LOADING]: Synchronous work queue completed in 3.617 ms
[27Feb2025 21:21:08.480] [Render thread/INFO] [SlideShow/]: Registered related network packages (version 5)
[27Feb2025 21:21:08.512] [Render thread/WARN] [net.minecraft.client.sounds.SoundEngine/]: Missing sound for event: minecraft:item.goat_horn.play
[27Feb2025 21:21:08.513] [Render thread/WARN] [net.minecraft.client.sounds.SoundEngine/]: Missing sound for event: minecraft:entity.goat.screaming.horn_break
[27Feb2025 21:21:08.548] [Render thread/INFO] [com.mojang.blaze3d.audio.Library/]: OpenAL initialized on device External Headphones
[27Feb2025 21:21:08.549] [Render thread/INFO] [net.minecraft.client.sounds.SoundEngine/SOUNDS]: Sound engine started
[27Feb2025 21:21:08.600] [Render thread/INFO] [net.minecraft.client.renderer.texture.TextureAtlas/]: Created: 1024x512x4 minecraft:textures/atlas/blocks.png-atlas
[27Feb2025 21:21:08.607] [Render thread/INFO] [net.minecraft.client.renderer.texture.TextureAtlas/]: Created: 256x256x4 minecraft:textures/atlas/signs.png-atlas
[27Feb2025 21:21:08.607] [Render thread/INFO] [net.minecraft.client.renderer.texture.TextureAtlas/]: Created: 512x512x4 minecraft:textures/atlas/shield_patterns.png-atlas
[27Feb2025 21:21:08.608] [Render thread/INFO] [net.minecraft.client.renderer.texture.TextureAtlas/]: Created: 512x512x4 minecraft:textures/atlas/banner_patterns.png-atlas
[27Feb2025 21:21:08.608] [Render thread/INFO] [net.minecraft.client.renderer.texture.TextureAtlas/]: Created: 1024x1024x4 minecraft:textures/atlas/armor_trims.png-atlas
[27Feb2025 21:21:08.611] [Render thread/INFO] [net.minecraft.client.renderer.texture.TextureAtlas/]: Created: 128x64x4 minecraft:textures/atlas/decorated_pot.png-atlas
[27Feb2025 21:21:08.611] [Render thread/INFO] [net.minecraft.client.renderer.texture.TextureAtlas/]: Created: 256x256x4 minecraft:textures/atlas/chest.png-atlas
[27Feb2025 21:21:08.611] [Render thread/INFO] [net.minecraft.client.renderer.texture.TextureAtlas/]: Created: 512x256x4 minecraft:textures/atlas/shulker_boxes.png-atlas
[27Feb2025 21:21:08.612] [Render thread/INFO] [net.minecraft.client.renderer.texture.TextureAtlas/]: Created: 512x256x4 minecraft:textures/atlas/beds.png-atlas
[27Feb2025 21:21:08.679] [Render thread/INFO] [net.minecraft.client.renderer.texture.TextureAtlas/]: Created: 512x256x0 minecraft:textures/atlas/particles.png-atlas
[27Feb2025 21:21:08.679] [Render thread/INFO] [net.minecraft.client.renderer.texture.TextureAtlas/]: Created: 512x256x0 minecraft:textures/atlas/paintings.png-atlas
[27Feb2025 21:21:08.680] [Render thread/INFO] [net.minecraft.client.renderer.texture.TextureAtlas/]: Created: 256x128x0 minecraft:textures/atlas/mob_effects.png-atlas
[27Feb2025 21:21:08.680] [Render thread/INFO] [net.minecraft.client.renderer.texture.TextureAtlas/]: Created: 64x64x0 minecraft:textures/atlas/map_decorations.png-atlas
[27Feb2025 21:21:08.680] [Render thread/INFO] [net.minecraft.client.renderer.texture.TextureAtlas/]: Created: 1024x512x0 minecraft:textures/atlas/gui.png-atlas
[27Feb2025 21:21:08.707] [Render thread/WARN] [net.minecraft.client.renderer.ShaderInstance/]: Shader rendertype_entity_translucent_emissive could not find sampler named Sampler2 in the specified shader program.
[27Feb2025 21:21:14.039] [Render thread/INFO] [net.minecraft.world.level.storage.LevelStorageSource/]: Deleting level New World
[27Feb2025 21:21:14.040] [Render thread/INFO] [net.minecraft.world.level.storage.LevelStorageSource/]: Attempt 1...
[27Feb2025 21:21:14.364] [Render thread/INFO] [net.minecraft.world.item.crafting.RecipeManager/]: Loaded 1290 recipes
[27Feb2025 21:21:14.420] [Render thread/INFO] [net.minecraft.advancements.AdvancementTree/]: Loaded 1399 advancements
[27Feb2025 21:21:16.757] [Render thread/INFO] [net.minecraft.world.item.crafting.RecipeManager/]: Loaded 1290 recipes
[27Feb2025 21:21:16.784] [Render thread/INFO] [net.minecraft.advancements.AdvancementTree/]: Loaded 1399 advancements
[27Feb2025 21:21:17.308] [Render thread/DEBUG] [SlideShow/]: Release 0 slide images
[27Feb2025 21:21:17.315] [Render thread/DEBUG] [net.neoforged.neoforge.common.CommonHooks/WP]: Gathered mod list to write to world save New World
[27Feb2025 21:21:17.335] [Server thread/INFO] [net.minecraft.client.server.IntegratedServer/]: Starting integrated minecraft server version 1.21.1
[27Feb2025 21:21:17.335] [Server thread/INFO] [net.minecraft.server.MinecraftServer/]: Generating keypair
[27Feb2025 21:21:17.369] [Server thread/DEBUG] [net.neoforged.fml.config.ConfigTracker/CONFIG]: Loading configs type SERVER
[27Feb2025 21:21:17.370] [Server thread/DEBUG] [net.neoforged.neoforge.common.NeoForgeConfig/FORGEMOD]: Loaded NeoForge config file neoforge-server.toml
[27Feb2025 21:21:17.370] [Server thread/DEBUG] [net.neoforged.fml.config.ConfigTracker/CONFIG]: Loaded TOML config file /Users/strawhattom/dev/repos/SlideShow/run/config/neoforge-server.toml
[27Feb2025 21:21:17.370] [Server thread/DEBUG] [net.neoforged.fml.config.ConfigTracker/CONFIG]: Watching TOML config file /Users/strawhattom/dev/repos/SlideShow/run/config/neoforge-server.toml for changes
[27Feb2025 21:21:17.383] [Server thread/DEBUG] [net.neoforged.coremod.transformer.CoreModBaseTransformer/COREMOD]: Transforming net/minecraft/world/level/levelgen/PhantomSpawner
[27Feb2025 21:21:17.387] [Server thread/DEBUG] [net.neoforged.coremod.transformer.CoreModBaseTransformer/COREMOD]: Transforming net/minecraft/world/level/levelgen/PatrolSpawner
[27Feb2025 21:21:17.389] [Server thread/DEBUG] [net.neoforged.coremod.transformer.CoreModBaseTransformer/COREMOD]: Transforming net/minecraft/world/entity/npc/CatSpawner
[27Feb2025 21:21:17.390] [Server thread/DEBUG] [net.neoforged.coremod.transformer.CoreModBaseTransformer/COREMOD]: Transforming net/minecraft/world/entity/ai/village/VillageSiege
[27Feb2025 21:21:18.381] [worldgen/DEBUG] [net.neoforged.coremod.transformer.CoreModBaseTransformer/COREMOD]: Transforming net/minecraft/world/level/levelgen/structure/templatesystem/StructureTemplate
[27Feb2025 21:21:20.079] [worldgen/DEBUG] [net.neoforged.coremod.transformer.CoreModBaseTransformer/COREMOD]: Transforming net/minecraft/world/level/NaturalSpawner
[27Feb2025 21:21:20.099] [Server thread/INFO] [net.minecraft.server.MinecraftServer/]: Preparing start region for dimension minecraft:overworld
[27Feb2025 21:21:20.126] [progressListener/INFO] [net.minecraft.server.level.progress.LoggerChunkProgressListener/]: Preparing spawn area: 2%
[27Feb2025 21:21:20.623] [progressListener/INFO] [net.minecraft.server.level.progress.LoggerChunkProgressListener/]: Preparing spawn area: 2%
[27Feb2025 21:21:21.111] [progressListener/INFO] [net.minecraft.server.level.progress.LoggerChunkProgressListener/]: Preparing spawn area: 18%
[27Feb2025 21:21:21.624] [progressListener/INFO] [net.minecraft.server.level.progress.LoggerChunkProgressListener/]: Preparing spawn area: 51%
[27Feb2025 21:21:21.884] [Server thread/INFO] [net.neoforged.neoforge.server.permission.PermissionAPI/]: Successfully initialized permission handler neoforge:default_handler
[27Feb2025 21:21:21.891] [progressListener/INFO] [net.minecraft.server.level.progress.LoggerChunkProgressListener/]: Time elapsed: 1784 ms
[27Feb2025 21:21:21.899] [Server thread/INFO] [net.minecraft.client.server.IntegratedServer/]: Changing view distance to 12, from 10
[27Feb2025 21:21:21.899] [Server thread/INFO] [net.minecraft.client.server.IntegratedServer/]: Changing simulation distance to 12, from 0
[27Feb2025 21:21:21.947] [Render thread/DEBUG] [io.netty.channel.MultithreadEventLoopGroup/]: -Dio.netty.eventLoopThreads: 16
[27Feb2025 21:21:21.952] [Render thread/DEBUG] [io.netty.util.concurrent.GlobalEventExecutor/]: -Dio.netty.globalEventExecutor.quietPeriodSeconds: 1
[27Feb2025 21:21:21.956] [Render thread/DEBUG] [io.netty.channel.nio.NioEventLoop/]: -Dio.netty.noKeySetOptimization: false
[27Feb2025 21:21:21.956] [Render thread/DEBUG] [io.netty.channel.nio.NioEventLoop/]: -Dio.netty.selectorAutoRebuildThreshold: 512
[27Feb2025 21:21:21.958] [Render thread/DEBUG] [io.netty.util.internal.PlatformDependent/]: org.jctools-core.MpscChunkedArrayQueue: available
[27Feb2025 21:21:21.963] [Render thread/DEBUG] [io.netty.channel.DefaultChannelId/]: -Dio.netty.processId: 10470 (auto-detected)
[27Feb2025 21:21:21.964] [Render thread/DEBUG] [io.netty.util.NetUtil/]: -Djava.net.preferIPv4Stack: false
[27Feb2025 21:21:21.964] [Render thread/DEBUG] [io.netty.util.NetUtil/]: -Djava.net.preferIPv6Addresses: system
[27Feb2025 21:21:21.965] [Render thread/DEBUG] [io.netty.util.NetUtilInitializations/]: Loopback interface: lo0 (lo0, 0:0:0:0:0:0:0:1%lo0)
[27Feb2025 21:21:21.966] [Render thread/DEBUG] [io.netty.util.NetUtil/]: Failed to get SOMAXCONN from sysctl and file /proc/sys/net/core/somaxconn. Default: 128
[27Feb2025 21:21:21.966] [Render thread/DEBUG] [io.netty.channel.DefaultChannelId/]: -Dio.netty.machineId: a2:fa:64:ff:fe:c3:ef:cc (auto-detected)
[27Feb2025 21:21:21.988] [Render thread/DEBUG] [io.netty.util.Recycler/]: -Dio.netty.recycler.maxCapacityPerThread: 4096
[27Feb2025 21:21:21.988] [Render thread/DEBUG] [io.netty.util.Recycler/]: -Dio.netty.recycler.ratio: 8
[27Feb2025 21:21:21.988] [Render thread/DEBUG] [io.netty.util.Recycler/]: -Dio.netty.recycler.chunkSize: 32
[27Feb2025 21:21:21.988] [Render thread/DEBUG] [io.netty.util.Recycler/]: -Dio.netty.recycler.blocking: false
[27Feb2025 21:21:21.988] [Render thread/DEBUG] [io.netty.util.Recycler/]: -Dio.netty.recycler.batchFastThreadLocalOnly: true
[27Feb2025 21:21:22.034] [Netty Server IO #1/DEBUG] [net.neoforged.neoforge.network.filters.NetworkFilters/]: Injected net.neoforged.neoforge.network.filters.GenericPacketSplitter@17b798b1 into net.minecraft.network.Connection@3e2eba8f
[27Feb2025 21:21:22.036] [Netty Local Client IO #0/DEBUG] [net.neoforged.neoforge.network.filters.NetworkFilters/]: Injected net.neoforged.neoforge.network.filters.GenericPacketSplitter@6b92ddd1 into net.minecraft.network.Connection@60752991
[27Feb2025 21:21:22.178] [Netty Server IO #1/DEBUG] [net.neoforged.neoforge.network.filters.NetworkFilters/]: Injected net.neoforged.neoforge.network.filters.GenericPacketSplitter@59060ff7 into net.minecraft.network.Connection@3e2eba8f
[27Feb2025 21:21:22.195] [Server thread/INFO] [net.minecraft.server.players.PlayerList/]: Dev[local:E:d4b64c7f] logged in with entity id 13 at (-32.5, 72.0, -39.5)
[27Feb2025 21:21:22.203] [Server thread/INFO] [net.minecraft.server.MinecraftServer/]: Dev joined the game
[27Feb2025 21:21:22.291] [Render thread/INFO] [net.minecraft.advancements.AdvancementTree/]: Loaded 2 advancements
[27Feb2025 21:21:23.585] [Server thread/INFO] [net.minecraft.client.server.IntegratedServer/]: Saving and pausing game...
[27Feb2025 21:21:23.591] [Server thread/INFO] [net.minecraft.server.MinecraftServer/]: Saving chunks for level 'ServerLevel[New World]'/minecraft:overworld
[27Feb2025 21:21:23.607] [Server thread/INFO] [net.minecraft.server.MinecraftServer/]: Saving chunks for level 'ServerLevel[New World]'/minecraft:the_nether
[27Feb2025 21:21:23.614] [Server thread/INFO] [net.minecraft.server.MinecraftServer/]: Saving chunks for level 'ServerLevel[New World]'/minecraft:the_end
[27Feb2025 21:21:23.622] [Server thread/DEBUG] [net.neoforged.neoforge.common.CommonHooks/WP]: Gathered mod list to write to world save New World
[27Feb2025 21:21:23.920] [Render thread/DEBUG] [SlideShow/]: Release 0 slide images
[27Feb2025 21:21:23.945] [Server thread/INFO] [net.minecraft.server.network.ServerGamePacketListenerImpl/]: Dev lost connection: Disconnected
[27Feb2025 21:21:23.945] [Server thread/INFO] [net.minecraft.server.MinecraftServer/]: Dev left the game
[27Feb2025 21:21:23.950] [Server thread/INFO] [net.minecraft.server.network.ServerCommonPacketListenerImpl/]: Stopping singleplayer server as player logged out
[27Feb2025 21:21:23.999] [Server thread/INFO] [net.minecraft.server.MinecraftServer/]: Stopping server
[27Feb2025 21:21:24.000] [Server thread/INFO] [net.minecraft.server.MinecraftServer/]: Saving players
[27Feb2025 21:21:24.000] [Server thread/INFO] [net.minecraft.server.MinecraftServer/]: Saving worlds
[27Feb2025 21:21:24.359] [Server thread/INFO] [net.minecraft.server.MinecraftServer/]: Saving chunks for level 'ServerLevel[New World]'/minecraft:overworld
[27Feb2025 21:21:24.385] [Server thread/INFO] [net.minecraft.server.MinecraftServer/]: Saving chunks for level 'ServerLevel[New World]'/minecraft:the_nether
[27Feb2025 21:21:24.388] [Server thread/INFO] [net.minecraft.server.MinecraftServer/]: Saving chunks for level 'ServerLevel[New World]'/minecraft:the_end
[27Feb2025 21:21:24.393] [Server thread/DEBUG] [net.neoforged.neoforge.common.CommonHooks/WP]: Gathered mod list to write to world save New World
[27Feb2025 21:21:24.393] [Server thread/INFO] [net.minecraft.server.MinecraftServer/]: ThreadedAnvilChunkStorage (New World): All chunks are saved
[27Feb2025 21:21:24.393] [Server thread/INFO] [net.minecraft.server.MinecraftServer/]: ThreadedAnvilChunkStorage (DIM-1): All chunks are saved
[27Feb2025 21:21:24.393] [Server thread/INFO] [net.minecraft.server.MinecraftServer/]: ThreadedAnvilChunkStorage (DIM1): All chunks are saved
[27Feb2025 21:21:24.393] [Server thread/INFO] [net.minecraft.server.MinecraftServer/]: ThreadedAnvilChunkStorage: All dimensions are saved
[27Feb2025 21:21:24.421] [Server thread/DEBUG] [net.neoforged.fml.config.ConfigTracker/CONFIG]: Unloading configs type SERVER
[27Feb2025 21:21:27.622] [Render thread/INFO] [net.minecraft.world.level.storage.LevelStorageSource/]: Deleting level New World
[27Feb2025 21:21:27.622] [Render thread/INFO] [net.minecraft.world.level.storage.LevelStorageSource/]: Attempt 1...
[27Feb2025 21:21:27.834] [Render thread/INFO] [net.minecraft.world.item.crafting.RecipeManager/]: Loaded 1290 recipes
[27Feb2025 21:21:27.862] [Render thread/INFO] [net.minecraft.advancements.AdvancementTree/]: Loaded 1399 advancements
[27Feb2025 21:21:32.122] [Render thread/DEBUG] [SlideShow/]: Release 0 slide images
[27Feb2025 21:21:32.130] [Render thread/DEBUG] [net.neoforged.neoforge.common.CommonHooks/WP]: Gathered mod list to write to world save New Worldsadd
[27Feb2025 21:21:32.133] [Server thread/INFO] [net.minecraft.client.server.IntegratedServer/]: Starting integrated minecraft server version 1.21.1
[27Feb2025 21:21:32.133] [Server thread/INFO] [net.minecraft.server.MinecraftServer/]: Generating keypair
[27Feb2025 21:21:32.276] [Server thread/DEBUG] [net.neoforged.fml.config.ConfigTracker/CONFIG]: Loading configs type SERVER
[27Feb2025 21:21:32.276] [Server thread/DEBUG] [net.neoforged.neoforge.common.NeoForgeConfig/FORGEMOD]: Loaded NeoForge config file neoforge-server.toml
[27Feb2025 21:21:32.276] [Server thread/DEBUG] [net.neoforged.fml.config.ConfigTracker/CONFIG]: Loaded TOML config file /Users/strawhattom/dev/repos/SlideShow/run/config/neoforge-server.toml
[27Feb2025 21:21:32.276] [Server thread/DEBUG] [net.neoforged.fml.config.ConfigTracker/CONFIG]: Watching TOML config file /Users/strawhattom/dev/repos/SlideShow/run/config/neoforge-server.toml for changes
[27Feb2025 21:21:33.281] [Server thread/INFO] [net.minecraft.server.MinecraftServer/]: Preparing start region for dimension minecraft:overworld
[27Feb2025 21:21:33.314] [progressListener/INFO] [net.minecraft.server.level.progress.LoggerChunkProgressListener/]: Preparing spawn area: 2%
[27Feb2025 21:21:33.806] [progressListener/INFO] [net.minecraft.server.level.progress.LoggerChunkProgressListener/]: Preparing spawn area: 18%
[27Feb2025 21:21:34.303] [progressListener/INFO] [net.minecraft.server.level.progress.LoggerChunkProgressListener/]: Preparing spawn area: 51%
[27Feb2025 21:21:34.403] [Server thread/INFO] [net.neoforged.neoforge.server.permission.PermissionAPI/]: Successfully initialized permission handler neoforge:default_handler
[27Feb2025 21:21:34.405] [Server thread/INFO] [net.minecraft.client.server.IntegratedServer/]: Changing view distance to 12, from 10
[27Feb2025 21:21:34.405] [Server thread/INFO] [net.minecraft.client.server.IntegratedServer/]: Changing simulation distance to 12, from 0
[27Feb2025 21:21:34.410] [progressListener/INFO] [net.minecraft.server.level.progress.LoggerChunkProgressListener/]: Time elapsed: 1113 ms
[27Feb2025 21:21:34.515] [Netty Server IO #3/DEBUG] [net.neoforged.neoforge.network.filters.NetworkFilters/]: Injected net.neoforged.neoforge.network.filters.GenericPacketSplitter@1ecbf71c into net.minecraft.network.Connection@5bc96aa1
[27Feb2025 21:21:34.515] [Netty Local Client IO #1/DEBUG] [net.neoforged.neoforge.network.filters.NetworkFilters/]: Injected net.neoforged.neoforge.network.filters.GenericPacketSplitter@7a1d592a into net.minecraft.network.Connection@3f1fd80d
[27Feb2025 21:21:34.598] [Netty Server IO #3/DEBUG] [net.neoforged.neoforge.network.filters.NetworkFilters/]: Injected net.neoforged.neoforge.network.filters.GenericPacketSplitter@53915d48 into net.minecraft.network.Connection@5bc96aa1
[27Feb2025 21:21:34.604] [Server thread/INFO] [net.minecraft.server.players.PlayerList/]: Dev[local:E:f796f800] logged in with entity id 242 at (-2.5, 77.0, -5.5)
[27Feb2025 21:21:34.619] [Server thread/INFO] [net.minecraft.server.MinecraftServer/]: Dev joined the game
[27Feb2025 21:21:34.658] [Render thread/INFO] [net.minecraft.advancements.AdvancementTree/]: Loaded 2 advancements
[27Feb2025 21:21:35.968] [Render thread/DEBUG] [net.neoforged.coremod.transformer.CoreModBaseTransformer/COREMOD]: Transforming net/minecraft/world/entity/raid/Raid
[27Feb2025 21:21:37.645] [Render thread/DEBUG] [SlideShow/]: Requesting project urls for 0 block position(s) and 1 slot id(s)
[27Feb2025 21:21:39.747] [Render thread/DEBUG] [SlideShow/]: Requesting project urls for 1 block position(s) and 1 slot id(s)
[27Feb2025 21:21:40.997] [Render thread/DEBUG] [SlideShow/]: Requesting project urls for 1 block position(s) and 0 slot id(s)
[27Feb2025 21:21:42.761] [Render thread/INFO] [SlideShow/]: New ProjectorURL[urlString=]
[27Feb2025 21:21:42.762] [Render thread/INFO] [SlideShow/]: New ProjectorURL[urlString=]
[27Feb2025 21:21:43.241] [Render thread/INFO] [SlideShow/]: New ProjectorURL[urlString=]
[27Feb2025 21:21:49.141] [Render thread/INFO] [SlideShow/]: New ProjectorURL[urlString=http://minecraft.scoreboard.capybara-soum.ovh:8080/output_standard.png]
[27Feb2025 21:21:51.268] [Netty Server IO #3/INFO] [SlideShow/]: New ProjectorURL[urlString=http://minecraft.scoreboard.capybara-soum.ovh:8080/output_standard.png]
[27Feb2025 21:21:51.296] [Render thread/DEBUG] [SlideShow/]: Requesting project urls for 0 block position(s) and 1 slot id(s)
[27Feb2025 21:21:51.297] [Netty Local Client IO #1/INFO] [SlideShow/]: New ProjectorURL[urlString=http://minecraft.scoreboard.capybara-soum.ovh:8080/output_standard.png]
[27Feb2025 21:21:51.306] [Render thread/INFO] [SlideShow/]: New ProjectorURL[urlString=http://minecraft.scoreboard.capybara-soum.ovh:8080/output_standard.png?t=0]
[27Feb2025 21:21:51.349] [Render thread/DEBUG] [SlideShow/]: Requesting project urls for 0 block position(s) and 1 slot id(s)
[27Feb2025 21:21:51.349] [Netty Local Client IO #1/INFO] [SlideShow/]: New ProjectorURL[urlString=http://minecraft.scoreboard.capybara-soum.ovh:8080/output_standard.png]
[27Feb2025 21:21:56.462] [Worker-Main-6/DEBUG] [SlideShow/Downloader]: Attempted to save 2 change(s) to cache storage. 
[27Feb2025 21:21:56.803] [Render thread/DEBUG] [SlideShow/]: Requesting project urls for 1 block position(s) and 0 slot id(s)
[27Feb2025 21:21:56.803] [Netty Local Client IO #1/INFO] [SlideShow/]: New ProjectorURL[urlString=http://minecraft.scoreboard.capybara-soum.ovh:8080/output_standard.png]
[27Feb2025 21:21:57.802] [Render thread/DEBUG] [SlideShow/]: Requesting project urls for 1 block position(s) and 0 slot id(s)
[27Feb2025 21:21:58.295] [Render thread/DEBUG] [SlideShow/]: Requesting project urls for 1 block position(s) and 0 slot id(s)
[27Feb2025 21:21:58.296] [Netty Local Client IO #1/INFO] [SlideShow/]: New ProjectorURL[urlString=http://minecraft.scoreboard.capybara-soum.ovh:8080/output_standard.png]
[27Feb2025 21:22:00.903] [Render thread/DEBUG] [SlideShow/]: Requesting project urls for 1 block position(s) and 0 slot id(s)
[27Feb2025 21:22:00.903] [Netty Local Client IO #1/INFO] [SlideShow/]: New ProjectorURL[urlString=http://minecraft.scoreboard.capybara-soum.ovh:8080/output_standard.png]
[27Feb2025 21:22:01.001] [Render thread/DEBUG] [SlideShow/]: Requesting project urls for 1 block position(s) and 0 slot id(s)
[27Feb2025 21:22:01.001] [Netty Local Client IO #1/INFO] [SlideShow/]: New ProjectorURL[urlString=http://minecraft.scoreboard.capybara-soum.ovh:8080/output_standard.png]
[27Feb2025 21:22:02.901] [Render thread/DEBUG] [SlideShow/]: Requesting project urls for 1 block position(s) and 0 slot id(s)
[27Feb2025 21:22:02.902] [Netty Local Client IO #1/INFO] [SlideShow/]: New ProjectorURL[urlString=http://minecraft.scoreboard.capybara-soum.ovh:8080/output_standard.png]
[27Feb2025 21:22:02.999] [Render thread/DEBUG] [SlideShow/]: Requesting project urls for 1 block position(s) and 0 slot id(s)
[27Feb2025 21:22:02.999] [Netty Local Client IO #1/INFO] [SlideShow/]: New ProjectorURL[urlString=http://minecraft.scoreboard.capybara-soum.ovh:8080/output_standard.png]
[27Feb2025 21:22:05.849] [Render thread/DEBUG] [SlideShow/]: Requesting project urls for 0 block position(s) and 1 slot id(s)
[27Feb2025 21:22:05.849] [Netty Local Client IO #1/INFO] [SlideShow/]: New ProjectorURL[urlString=http://minecraft.scoreboard.capybara-soum.ovh:8080/output_standard.png]
[27Feb2025 21:22:08.449] [Render thread/DEBUG] [SlideShow/]: Requesting project urls for 0 block position(s) and 1 slot id(s)
[27Feb2025 21:22:08.450] [Netty Local Client IO #1/INFO] [SlideShow/]: New ProjectorURL[urlString=http://minecraft.scoreboard.capybara-soum.ovh:8080/output_standard.png]
[27Feb2025 21:22:11.097] [Render thread/DEBUG] [SlideShow/]: Requesting project urls for 1 block position(s) and 0 slot id(s)
[27Feb2025 21:22:11.097] [Netty Local Client IO #1/INFO] [SlideShow/]: New ProjectorURL[urlString=http://minecraft.scoreboard.capybara-soum.ovh:8080/output_standard.png]
[27Feb2025 21:22:12.497] [Render thread/DEBUG] [SlideShow/]: Requesting project urls for 1 block position(s) and 0 slot id(s)
[27Feb2025 21:22:12.497] [Netty Local Client IO #1/INFO] [SlideShow/]: New ProjectorURL[urlString=http://minecraft.scoreboard.capybara-soum.ovh:8080/output_standard.png]
[27Feb2025 21:22:52.203] [Render thread/INFO] [SlideShow/]: New ProjectorURL[urlString=http://minecraft.scoreboard.capybara-soum.ovh:8080/output_standard.png?t=1]
[27Feb2025 21:22:57.257] [Worker-Main-7/DEBUG] [SlideShow/Downloader]: Attempted to save 2 change(s) to cache storage. 
[27Feb2025 21:24:23.204] [Render thread/INFO] [SlideShow/]: New ProjectorURL[urlString=http://minecraft.scoreboard.capybara-soum.ovh:8080/output_standard.png?t=2]
[27Feb2025 21:24:28.256] [Worker-Main-1/DEBUG] [SlideShow/Downloader]: Attempted to save 2 change(s) to cache storage. 
[27Feb2025 21:24:47.554] [Server thread/INFO] [net.minecraft.client.server.IntegratedServer/]: Saving and pausing game...
[27Feb2025 21:24:47.556] [Server thread/INFO] [net.minecraft.server.MinecraftServer/]: Saving chunks for level 'ServerLevel[New Worldsadd]'/minecraft:overworld
[27Feb2025 21:24:47.570] [Server thread/INFO] [net.minecraft.server.MinecraftServer/]: Saving chunks for level 'ServerLevel[New Worldsadd]'/minecraft:the_nether
[27Feb2025 21:24:47.576] [Server thread/INFO] [net.minecraft.server.MinecraftServer/]: Saving chunks for level 'ServerLevel[New Worldsadd]'/minecraft:the_end
[27Feb2025 21:24:47.581] [Server thread/DEBUG] [net.neoforged.neoforge.common.CommonHooks/WP]: Gathered mod list to write to world save New Worldsadd
[27Feb2025 21:25:00.154] [Server thread/INFO] [net.minecraft.client.server.IntegratedServer/]: Saving and pausing game...
[27Feb2025 21:25:00.156] [Server thread/INFO] [net.minecraft.server.MinecraftServer/]: Saving chunks for level 'ServerLevel[New Worldsadd]'/minecraft:overworld
[27Feb2025 21:25:00.163] [Server thread/INFO] [net.minecraft.server.MinecraftServer/]: Saving chunks for level 'ServerLevel[New Worldsadd]'/minecraft:the_nether
[27Feb2025 21:25:00.167] [Server thread/INFO] [net.minecraft.server.MinecraftServer/]: Saving chunks for level 'ServerLevel[New Worldsadd]'/minecraft:the_end
[27Feb2025 21:25:00.172] [Server thread/DEBUG] [net.neoforged.neoforge.common.CommonHooks/WP]: Gathered mod list to write to world save New Worldsadd
[27Feb2025 21:25:08.054] [Server thread/INFO] [net.minecraft.client.server.IntegratedServer/]: Saving and pausing game...
[27Feb2025 21:25:08.056] [Server thread/INFO] [net.minecraft.server.MinecraftServer/]: Saving chunks for level 'ServerLevel[New Worldsadd]'/minecraft:overworld
[27Feb2025 21:25:08.062] [Server thread/INFO] [net.minecraft.server.MinecraftServer/]: Saving chunks for level 'ServerLevel[New Worldsadd]'/minecraft:the_nether
[27Feb2025 21:25:08.067] [Server thread/INFO] [net.minecraft.server.MinecraftServer/]: Saving chunks for level 'ServerLevel[New Worldsadd]'/minecraft:the_end
[27Feb2025 21:25:08.071] [Server thread/DEBUG] [net.neoforged.neoforge.common.CommonHooks/WP]: Gathered mod list to write to world save New Worldsadd
[27Feb2025 21:25:11.204] [Server thread/INFO] [net.minecraft.client.server.IntegratedServer/]: Saving and pausing game...
[27Feb2025 21:25:11.206] [Server thread/INFO] [net.minecraft.server.MinecraftServer/]: Saving chunks for level 'ServerLevel[New Worldsadd]'/minecraft:overworld
[27Feb2025 21:25:11.211] [Server thread/INFO] [net.minecraft.server.MinecraftServer/]: Saving chunks for level 'ServerLevel[New Worldsadd]'/minecraft:the_nether
[27Feb2025 21:25:11.214] [Server thread/INFO] [net.minecraft.server.MinecraftServer/]: Saving chunks for level 'ServerLevel[New Worldsadd]'/minecraft:the_end
[27Feb2025 21:25:11.218] [Server thread/DEBUG] [net.neoforged.neoforge.common.CommonHooks/WP]: Gathered mod list to write to world save New Worldsadd
[27Feb2025 21:25:35.754] [Server thread/INFO] [net.minecraft.client.server.IntegratedServer/]: Saving and pausing game...
[27Feb2025 21:25:35.756] [Server thread/INFO] [net.minecraft.server.MinecraftServer/]: Saving chunks for level 'ServerLevel[New Worldsadd]'/minecraft:overworld
[27Feb2025 21:25:35.765] [Server thread/INFO] [net.minecraft.server.MinecraftServer/]: Saving chunks for level 'ServerLevel[New Worldsadd]'/minecraft:the_nether
[27Feb2025 21:25:35.772] [Server thread/INFO] [net.minecraft.server.MinecraftServer/]: Saving chunks for level 'ServerLevel[New Worldsadd]'/minecraft:the_end
[27Feb2025 21:25:35.777] [Server thread/DEBUG] [net.neoforged.neoforge.common.CommonHooks/WP]: Gathered mod list to write to world save New Worldsadd
[27Feb2025 21:26:10.054] [Server thread/INFO] [net.minecraft.client.server.IntegratedServer/]: Saving and pausing game...
[27Feb2025 21:26:10.056] [Server thread/INFO] [net.minecraft.server.MinecraftServer/]: Saving chunks for level 'ServerLevel[New Worldsadd]'/minecraft:overworld
[27Feb2025 21:26:10.069] [Server thread/INFO] [net.minecraft.server.MinecraftServer/]: Saving chunks for level 'ServerLevel[New Worldsadd]'/minecraft:the_nether
[27Feb2025 21:26:10.076] [Server thread/INFO] [net.minecraft.server.MinecraftServer/]: Saving chunks for level 'ServerLevel[New Worldsadd]'/minecraft:the_end
[27Feb2025 21:26:10.080] [Server thread/DEBUG] [net.neoforged.neoforge.common.CommonHooks/WP]: Gathered mod list to write to world save New Worldsadd
[27Feb2025 21:26:28.542] [Render thread/INFO] [SlideShow/]: New ProjectorURL[urlString=http://minecraft.scoreboard.capybara-soum.ovh:8080/output_standard.png?t=3]
[27Feb2025 21:26:31.904] [Server thread/INFO] [net.minecraft.client.server.IntegratedServer/]: Saving and pausing game...
[27Feb2025 21:26:31.906] [Server thread/INFO] [net.minecraft.server.MinecraftServer/]: Saving chunks for level 'ServerLevel[New Worldsadd]'/minecraft:overworld
[27Feb2025 21:26:31.917] [Server thread/INFO] [net.minecraft.server.MinecraftServer/]: Saving chunks for level 'ServerLevel[New Worldsadd]'/minecraft:the_nether
[27Feb2025 21:26:31.924] [Server thread/INFO] [net.minecraft.server.MinecraftServer/]: Saving chunks for level 'ServerLevel[New Worldsadd]'/minecraft:the_end
[27Feb2025 21:26:31.930] [Server thread/DEBUG] [net.neoforged.neoforge.common.CommonHooks/WP]: Gathered mod list to write to world save New Worldsadd
[27Feb2025 21:26:33.615] [Worker-Main-1/DEBUG] [SlideShow/Downloader]: Attempted to save 2 change(s) to cache storage. 
[27Feb2025 21:26:37.354] [Server thread/INFO] [net.minecraft.client.server.IntegratedServer/]: Saving and pausing game...
[27Feb2025 21:26:37.356] [Server thread/INFO] [net.minecraft.server.MinecraftServer/]: Saving chunks for level 'ServerLevel[New Worldsadd]'/minecraft:overworld
[27Feb2025 21:26:37.362] [Server thread/INFO] [net.minecraft.server.MinecraftServer/]: Saving chunks for level 'ServerLevel[New Worldsadd]'/minecraft:the_nether
[27Feb2025 21:26:37.364] [Server thread/INFO] [net.minecraft.server.MinecraftServer/]: Saving chunks for level 'ServerLevel[New Worldsadd]'/minecraft:the_end
[27Feb2025 21:26:37.368] [Server thread/DEBUG] [net.neoforged.neoforge.common.CommonHooks/WP]: Gathered mod list to write to world save New Worldsadd
[27Feb2025 21:26:38.054] [Server thread/INFO] [net.minecraft.client.server.IntegratedServer/]: Saving and pausing game...
[27Feb2025 21:26:38.056] [Server thread/INFO] [net.minecraft.server.MinecraftServer/]: Saving chunks for level 'ServerLevel[New Worldsadd]'/minecraft:overworld
[27Feb2025 21:26:38.063] [Server thread/INFO] [net.minecraft.server.MinecraftServer/]: Saving chunks for level 'ServerLevel[New Worldsadd]'/minecraft:the_nether
[27Feb2025 21:26:38.067] [Server thread/INFO] [net.minecraft.server.MinecraftServer/]: Saving chunks for level 'ServerLevel[New Worldsadd]'/minecraft:the_end
[27Feb2025 21:26:38.071] [Server thread/DEBUG] [net.neoforged.neoforge.common.CommonHooks/WP]: Gathered mod list to write to world save New Worldsadd
[27Feb2025 21:26:38.654] [Server thread/INFO] [net.minecraft.client.server.IntegratedServer/]: Saving and pausing game...
[27Feb2025 21:26:38.656] [Server thread/INFO] [net.minecraft.server.MinecraftServer/]: Saving chunks for level 'ServerLevel[New Worldsadd]'/minecraft:overworld
[27Feb2025 21:26:38.661] [Server thread/INFO] [net.minecraft.server.MinecraftServer/]: Saving chunks for level 'ServerLevel[New Worldsadd]'/minecraft:the_nether
[27Feb2025 21:26:38.665] [Server thread/INFO] [net.minecraft.server.MinecraftServer/]: Saving chunks for level 'ServerLevel[New Worldsadd]'/minecraft:the_end
[27Feb2025 21:26:38.670] [Server thread/DEBUG] [net.neoforged.neoforge.common.CommonHooks/WP]: Gathered mod list to write to world save New Worldsadd
[27Feb2025 21:26:39.404] [Server thread/INFO] [net.minecraft.client.server.IntegratedServer/]: Saving and pausing game...
[27Feb2025 21:26:39.405] [Server thread/INFO] [net.minecraft.server.MinecraftServer/]: Saving chunks for level 'ServerLevel[New Worldsadd]'/minecraft:overworld
[27Feb2025 21:26:39.412] [Server thread/INFO] [net.minecraft.server.MinecraftServer/]: Saving chunks for level 'ServerLevel[New Worldsadd]'/minecraft:the_nether
[27Feb2025 21:26:39.415] [Server thread/INFO] [net.minecraft.server.MinecraftServer/]: Saving chunks for level 'ServerLevel[New Worldsadd]'/minecraft:the_end
[27Feb2025 21:26:39.418] [Server thread/DEBUG] [net.neoforged.neoforge.common.CommonHooks/WP]: Gathered mod list to write to world save New Worldsadd
[27Feb2025 21:26:40.054] [Server thread/INFO] [net.minecraft.client.server.IntegratedServer/]: Saving and pausing game...
[27Feb2025 21:26:40.056] [Server thread/INFO] [net.minecraft.server.MinecraftServer/]: Saving chunks for level 'ServerLevel[New Worldsadd]'/minecraft:overworld
[27Feb2025 21:26:40.061] [Server thread/INFO] [net.minecraft.server.MinecraftServer/]: Saving chunks for level 'ServerLevel[New Worldsadd]'/minecraft:the_nether
[27Feb2025 21:26:40.065] [Server thread/INFO] [net.minecraft.server.MinecraftServer/]: Saving chunks for level 'ServerLevel[New Worldsadd]'/minecraft:the_end
[27Feb2025 21:26:40.068] [Server thread/DEBUG] [net.neoforged.neoforge.common.CommonHooks/WP]: Gathered mod list to write to world save New Worldsadd
[27Feb2025 21:26:40.504] [Server thread/INFO] [net.minecraft.client.server.IntegratedServer/]: Saving and pausing game...
[27Feb2025 21:26:40.506] [Server thread/INFO] [net.minecraft.server.MinecraftServer/]: Saving chunks for level 'ServerLevel[New Worldsadd]'/minecraft:overworld
[27Feb2025 21:26:40.511] [Server thread/INFO] [net.minecraft.server.MinecraftServer/]: Saving chunks for level 'ServerLevel[New Worldsadd]'/minecraft:the_nether
[27Feb2025 21:26:40.514] [Server thread/INFO] [net.minecraft.server.MinecraftServer/]: Saving chunks for level 'ServerLevel[New Worldsadd]'/minecraft:the_end
[27Feb2025 21:26:40.518] [Server thread/DEBUG] [net.neoforged.neoforge.common.CommonHooks/WP]: Gathered mod list to write to world save New Worldsadd
[27Feb2025 21:26:43.904] [Server thread/INFO] [net.minecraft.client.server.IntegratedServer/]: Saving and pausing game...
[27Feb2025 21:26:43.906] [Server thread/INFO] [net.minecraft.server.MinecraftServer/]: Saving chunks for level 'ServerLevel[New Worldsadd]'/minecraft:overworld
[27Feb2025 21:26:43.913] [Server thread/INFO] [net.minecraft.server.MinecraftServer/]: Saving chunks for level 'ServerLevel[New Worldsadd]'/minecraft:the_nether
[27Feb2025 21:26:43.916] [Server thread/INFO] [net.minecraft.server.MinecraftServer/]: Saving chunks for level 'ServerLevel[New Worldsadd]'/minecraft:the_end
[27Feb2025 21:26:43.920] [Server thread/DEBUG] [net.neoforged.neoforge.common.CommonHooks/WP]: Gathered mod list to write to world save New Worldsadd
[27Feb2025 21:26:44.263] [Render thread/DEBUG] [SlideShow/]: Release 1 slide images
[27Feb2025 21:26:44.308] [Server thread/INFO] [net.minecraft.server.network.ServerGamePacketListenerImpl/]: Dev lost connection: Disconnected
[27Feb2025 21:26:44.308] [Server thread/INFO] [net.minecraft.server.MinecraftServer/]: Dev left the game
[27Feb2025 21:26:44.310] [Server thread/INFO] [net.minecraft.server.network.ServerCommonPacketListenerImpl/]: Stopping singleplayer server as player logged out
[27Feb2025 21:26:44.354] [Server thread/INFO] [net.minecraft.server.MinecraftServer/]: Stopping server
[27Feb2025 21:26:44.354] [Server thread/INFO] [net.minecraft.server.MinecraftServer/]: Saving players
[27Feb2025 21:26:44.354] [Server thread/INFO] [net.minecraft.server.MinecraftServer/]: Saving worlds
[27Feb2025 21:26:44.695] [Server thread/INFO] [net.minecraft.server.MinecraftServer/]: Saving chunks for level 'ServerLevel[New Worldsadd]'/minecraft:overworld
[27Feb2025 21:26:44.730] [Server thread/INFO] [net.minecraft.server.MinecraftServer/]: Saving chunks for level 'ServerLevel[New Worldsadd]'/minecraft:the_nether
[27Feb2025 21:26:44.732] [Server thread/INFO] [net.minecraft.server.MinecraftServer/]: Saving chunks for level 'ServerLevel[New Worldsadd]'/minecraft:the_end
[27Feb2025 21:26:44.737] [Server thread/DEBUG] [net.neoforged.neoforge.common.CommonHooks/WP]: Gathered mod list to write to world save New Worldsadd
[27Feb2025 21:26:44.738] [Server thread/INFO] [net.minecraft.server.MinecraftServer/]: ThreadedAnvilChunkStorage (New Worldsadd): All chunks are saved
[27Feb2025 21:26:44.738] [Server thread/INFO] [net.minecraft.server.MinecraftServer/]: ThreadedAnvilChunkStorage (DIM-1): All chunks are saved
[27Feb2025 21:26:44.738] [Server thread/INFO] [net.minecraft.server.MinecraftServer/]: ThreadedAnvilChunkStorage (DIM1): All chunks are saved
[27Feb2025 21:26:44.738] [Server thread/INFO] [net.minecraft.server.MinecraftServer/]: ThreadedAnvilChunkStorage: All dimensions are saved
[27Feb2025 21:26:44.788] [Server thread/DEBUG] [net.neoforged.fml.config.ConfigTracker/CONFIG]: Unloading configs type SERVER
[27Feb2025 21:26:46.127] [Render thread/INFO] [net.minecraft.client.Minecraft/]: Stopping!
[27Feb2025 21:26:46.129] [Render thread/DEBUG] [SlideShow/]: Release 0 slide images
